{
	"credit": "Made with Blockbench",
	"parent": "item_generated",
	"elements": [
		{
			"from": [4, 0, 4],
			"to": [12, 8, 12],
			"color": 8,
			"faces": {
				"north": {"uv": [0, 0, 8, 8], "texture": "#missing"},
				"east": {"uv": [0, 0, 8, 8], "texture": "#missing"},
				"south": {"uv": [0, 0, 8, 8], "texture": "#missing"},
				"west": {"uv": [0, 0, 8, 8], "texture": "#missing"},
				"up": {"uv": [0, 0, 8, 8], "texture": "#missing"},
				"down": {"uv": [0, 0, 8, 8], "texture": "#missing"}
			}
		}
	],
	"display": {
		"thirdperson_righthand": {
			"translation": [0, 3, 1],
			"scale": [0.55, 0.55, 0.55]
		},
		"thirdperson_lefthand": {
			"translation": [0, 3, 1],
			"scale": [0.55, 0.55, 0.55]
		},
		"firstperson_righthand": {
			"rotation": [0, -90, 25],
			"translation": [1.13, 3.2, 1.13],
			"scale": [0.68, 0.68, 0.68]
		},
		"firstperson_lefthand": {
			"rotation": [0, -90, 25],
			"translation": [1.13, 3.2, 1.13],
			"scale": [0.68, 0.68, 0.68]
		},
		"ground": {
			"translation": [0, 2, 0]
		},
		"head": {
			"translation": [0, 6.4, 0],
			"scale": [1.6, 1.6, 1.6]
		},
		"fixed": {
			"rotation": [0, 0, 0]
		}
	}
}