{
	"credit": "Made with Blockbench",
	"parent": "fluffcord:item/_base",
	"textures": {
		"0": "fluffcord:item/ralsei_horns",
		"particle": "fluffcord:item/ralsei_horns"
	},
	"elements": [
		{
			"name": "left_1",
			"from": [3.25, 6.5, 7],
			"to": [5.25, 9.5, 9],
			"rotation": {"angle": 22.5, "axis": "z", "origin": [4, 8.5, 8]},
			"faces": {
				"north": {"uv": [10, 2, 12, 5], "texture": "#0"},
				"east": {"uv": [8, 2, 10, 5], "texture": "#0"},
				"south": {"uv": [14, 2, 16, 5], "texture": "#0"},
				"west": {"uv": [12, 2, 14, 5], "texture": "#0"},
				"up": {"uv": [12, 2, 10, 0], "texture": "#0"},
				"down": {"uv": [14, 0, 12, 2], "texture": "#0"}
			}
		},
		{
			"name": "left_2",
			"from": [3.15538, 9.23254, 7.25],
			"to": [4.65538, 11.23254, 8.75],
			"rotation": {"angle": 0, "axis": "z", "origin": [3.40538, 9.23254, 8]},
			"faces": {
				"north": {"uv": [13, 6, 14, 8], "texture": "#0"},
				"east": {"uv": [12, 6, 13, 8], "texture": "#0"},
				"south": {"uv": [15, 6, 16, 8], "texture": "#0"},
				"west": {"uv": [14, 6, 15, 8], "texture": "#0"},
				"up": {"uv": [14, 6, 13, 5], "texture": "#0"},
				"down": {"uv": [15, 5, 14, 6], "texture": "#0"}
			}
		},
		{
			"name": "left_3",
			"from": [3.40538, 11.23254, 7.5],
			"to": [4.40538, 13.23254, 8.5],
			"rotation": {"angle": -22.5, "axis": "z", "origin": [3.40538, 11.23254, 8]},
			"faces": {
				"north": {"uv": [9, 6, 10, 8], "texture": "#0"},
				"east": {"uv": [8, 6, 9, 8], "texture": "#0"},
				"south": {"uv": [11, 6, 12, 8], "texture": "#0"},
				"west": {"uv": [10, 6, 11, 8], "texture": "#0"},
				"up": {"uv": [10, 6, 9, 5], "texture": "#0"},
				"down": {"uv": [11, 5, 10, 6], "texture": "#0"}
			}
		},
		{
			"name": "right_1",
			"from": [11.59462, 11.23254, 7.5],
			"to": [12.59462, 13.23254, 8.5],
			"rotation": {"angle": 22.5, "axis": "z", "origin": [12.59462, 11.23254, 8]},
			"faces": {
				"north": {"uv": [2, 6, 1, 8], "texture": "#0"},
				"east": {"uv": [3, 6, 2, 8], "texture": "#0"},
				"south": {"uv": [4, 6, 3, 8], "texture": "#0"},
				"west": {"uv": [1, 6, 0, 8], "texture": "#0"},
				"up": {"uv": [1, 6, 2, 5], "texture": "#0"},
				"down": {"uv": [2, 5, 3, 6], "texture": "#0"}
			}
		},
		{
			"name": "right_2",
			"from": [10.75, 6.5, 7],
			"to": [12.75, 9.5, 9],
			"rotation": {"angle": -22.5, "axis": "z", "origin": [12, 8.5, 8]},
			"faces": {
				"north": {"uv": [4, 2, 2, 5], "texture": "#0"},
				"east": {"uv": [6, 2, 4, 5], "texture": "#0"},
				"south": {"uv": [8, 2, 6, 5], "texture": "#0"},
				"west": {"uv": [2, 2, 0, 5], "texture": "#0"},
				"up": {"uv": [2, 2, 4, 0], "texture": "#0"},
				"down": {"uv": [4, 0, 6, 2], "texture": "#0"}
			}
		},
		{
			"name": "right_3",
			"from": [11.34462, 9.23254, 7.25],
			"to": [12.84462, 11.23254, 8.75],
			"rotation": {"angle": 0, "axis": "z", "origin": [12.59462, 9.23254, 8]},
			"faces": {
				"north": {"uv": [6, 6, 5, 8], "texture": "#0"},
				"east": {"uv": [7, 6, 6, 8], "texture": "#0"},
				"south": {"uv": [8, 6, 7, 8], "texture": "#0"},
				"west": {"uv": [5, 6, 4, 8], "texture": "#0"},
				"up": {"uv": [5, 6, 6, 5], "texture": "#0"},
				"down": {"uv": [6, 5, 7, 6], "texture": "#0"}
			}
		}
	],
	"display": {
		"ground": {
			"translation": [0, -2, 0]
		},
		"gui": {
			"rotation": [30, 225, 0],
			"translation": [0, -1.5, 0],
			"scale": [1.25, 1.25, 1.25]
		},
		"fixed": {
			"translation": [0, -2, 0],
			"scale": [1.25, 1.25, 1.25]
		}
	}
}