{
	"credit": "Made with Blockbench",
	"parent": "item/handheld",
	"textures": {
		"1": "./aircraft_speed_up"
	},
	"display": {
		"thirdperson_righthand": {
			"translation": [0, 3, 1],
			"scale": [0, 0, 0]
		},
		"thirdperson_lefthand": {
			"translation": [0, 3, 1],
			"scale": [0.55, 0.55, 0.55]
		},
		"firstperson_righthand": {
			"rotation": [0, -36, 3],
			"translation": [3.63, -0.3, -4.12],
			"scale": [0.68, 0.68, 0.68]
		},
		"firstperson_lefthand": {
			"rotation": [0, -90, 25],
			"translation": [1.13, 3.2, 1.13],
			"scale": [0.68, 0.68, 0.68]
		},
		"ground": {
			"translation": [0, 2, 0],
			"scale": [0.5, 0.5, 0.5]
		},
		"gui": {
			"scale": [0.8, 0.8, 1]
		},
		"head": {
			"rotation": [0, 180, 0],
			"translation": [0, 13, 7]
		},
		"fixed": {
			"rotation": [0, 180, 0],
			"scale": [0.8, 0.8, 1]
		}
	}
}