{
	"credit": "Made with Blockbench",
	"textures": {
		"2": "./albatros_machinegun",
		"particle": "./albatros_machinegun"
	},
	"elements": [
		{
			"from": [5.01136, 14.49911, 3.48953],
			"to": [15.01136, 16.49911, 5.48953],
			"rotation": {"angle": 0, "axis": "y", "origin": [8, 8, 10.5]},
			"faces": {
				"north": {"uv": [0, 0, 10, 2], "texture": "#2"},
				"east": {"uv": [0, 8, 2, 10], "texture": "#2"},
				"south": {"uv": [10, 0, 0, 2], "texture": "#2"},
				"west": {"uv": [2, 8, 4, 10], "texture": "#2"},
				"up": {"uv": [10, 6, 0, 4], "texture": "#2"},
				"down": {"uv": [10, 6, 0, 8], "texture": "#2"}
			}
		},
		{
			"from": [15.01136, 14.74911, 4.23953],
			"to": [17.01136, 15.74911, 5.23953],
			"rotation": {"angle": 0, "axis": "y", "origin": [8, 8, 10.5]},
			"faces": {
				"north": {"uv": [4, 8, 6, 9], "texture": "#2"},
				"east": {"uv": [6, 9, 7, 10], "texture": "#2"},
				"south": {"uv": [6, 8, 8, 9], "texture": "#2"},
				"up": {"uv": [10, 9, 8, 8], "texture": "#2"},
				"down": {"uv": [6, 9, 4, 10], "texture": "#2"}
			}
		},
		{
			"from": [13.76136, 16.49911, 4.23953],
			"to": [14.76136, 16.99911, 4.73953],
			"rotation": {"angle": 0, "axis": "y", "origin": [8, 8, 10.5]},
			"faces": {
				"north": {"uv": [7, 9, 8, 10], "texture": "#2"},
				"east": {"uv": [0, 10, 1, 11], "texture": "#2"},
				"south": {"uv": [8, 9, 9, 10], "texture": "#2"},
				"west": {"uv": [10, 0, 11, 1], "texture": "#2"},
				"up": {"uv": [10, 10, 9, 9], "texture": "#2"}
			}
		},
		{
			"from": [15.01136, 14.74911, 10.76047],
			"to": [17.01136, 15.74911, 11.76047],
			"rotation": {"angle": 0, "axis": "y", "origin": [8, 8, 5.5]},
			"faces": {
				"north": {"uv": [8, 8, 6, 9], "texture": "#2"},
				"east": {"uv": [7, 9, 6, 10], "texture": "#2"},
				"south": {"uv": [6, 8, 4, 9], "texture": "#2"},
				"up": {"uv": [10, 8, 8, 9], "texture": "#2"},
				"down": {"uv": [6, 10, 4, 9], "texture": "#2"}
			}
		},
		{
			"from": [13.76136, 16.49911, 11.26047],
			"to": [14.76136, 16.99911, 11.76047],
			"rotation": {"angle": 0, "axis": "y", "origin": [8, 8, 5.5]},
			"faces": {
				"north": {"uv": [9, 9, 8, 10], "texture": "#2"},
				"east": {"uv": [1, 10, 0, 11], "texture": "#2"},
				"south": {"uv": [8, 9, 7, 10], "texture": "#2"},
				"west": {"uv": [11, 0, 10, 1], "texture": "#2"},
				"up": {"uv": [10, 9, 9, 10], "texture": "#2"}
			}
		},
		{
			"from": [5.01136, 14.49911, 10.51047],
			"to": [15.01136, 16.49911, 12.51047],
			"rotation": {"angle": 0, "axis": "y", "origin": [8, 8, 5.5]},
			"faces": {
				"north": {"uv": [0, 0, 10, 2], "texture": "#2"},
				"east": {"uv": [2, 8, 0, 10], "texture": "#2"},
				"south": {"uv": [10, 0, 0, 2], "texture": "#2"},
				"west": {"uv": [4, 8, 2, 10], "texture": "#2"},
				"up": {"uv": [10, 4, 0, 6], "texture": "#2"},
				"down": {"uv": [10, 8, 0, 6], "texture": "#2"}
			}
		}
	],
	"gui_light": "front",
	"display": {
		"thirdperson_righthand": {
			"scale": [0, 0, 0]
		},
		"firstperson_righthand": {
			"rotation": [1, 90, 0],
			"translation": [-9, -10.5, 0.5],
			"scale": [1.8, 1.8, 1.8]
		},
		"ground": {
			"translation": [0, -12.25, 0],
			"scale": [1.2, 1.2, 1.2]
		},
		"gui": {
			"rotation": [90, 90, 0],
			"translation": [0.5, -3, 0],
			"scale": [1.2, 1.2, 1.2]
		},
		"fixed": {
			"rotation": [-90, -90, 0],
			"translation": [0, -4, 9.75],
			"scale": [1.5, 1.5, 1.5]
		}
	}
}