{
	"credit": "Made with Blockbench",
	"parent": "fluffcord:_main",
	"elements": [
		{
			"from": [3.5, -0.5, 3.5],
			"to": [12.5, 8.5, 12.5],
			"color": 3,
			"faces": {
				"north": {"uv": [0, 0, 8, 8], "texture": "#missing"},
				"east": {"uv": [0, 0, 8, 8], "texture": "#missing"},
				"south": {"uv": [0, 0, 8, 8], "texture": "#missing"},
				"west": {"uv": [0, 0, 8, 8], "texture": "#missing"},
				"up": {"uv": [0, 0, 8, 8], "texture": "#missing"},
				"down": {"uv": [0, 0, 8, 8], "texture": "#missing"}
			}
		},
		{
			"from": [3.5, 8, 3.5],
			"to": [12.5, 12, 12.5],
			"rotation": {"angle": 0, "axis": "y", "origin": [0, 1, 0]},
			"color": 5,
			"faces": {
				"north": {"uv": [0, 0, 9, 4], "texture": "#missing"},
				"east": {"uv": [0, 0, 9, 4], "texture": "#missing"},
				"south": {"uv": [0, 0, 9, 4], "texture": "#missing"},
				"west": {"uv": [0, 0, 9, 4], "texture": "#missing"},
				"up": {"uv": [0, 0, 9, 9], "texture": "#missing"},
				"down": {"uv": [0, 0, 9, 9], "texture": "#missing"}
			}
		},
		{
			"from": [3.5, 7, 2.5],
			"to": [12.5, 8, 13.5],
			"rotation": {"angle": 0, "axis": "y", "origin": [0, 1, 0]},
			"color": 8,
			"faces": {
				"north": {"uv": [0, 0, 9, 1], "texture": "#missing"},
				"east": {"uv": [0, 0, 11, 1], "texture": "#missing"},
				"south": {"uv": [0, 0, 9, 1], "texture": "#missing"},
				"west": {"uv": [0, 0, 11, 1], "texture": "#missing"},
				"up": {"uv": [0, 0, 9, 11], "texture": "#missing"},
				"down": {"uv": [0, 0, 9, 11], "texture": "#missing"}
			}
		},
		{
			"from": [-0.5, 7, 2.5],
			"to": [3.5, 8, 13.5],
			"rotation": {"angle": -22.5, "axis": "z", "origin": [3.5, 7, 8]},
			"color": 8,
			"faces": {
				"north": {"uv": [0, 0, 4, 1], "texture": "#missing"},
				"east": {"uv": [0, 0, 11, 1], "texture": "#missing"},
				"south": {"uv": [0, 0, 4, 1], "texture": "#missing"},
				"west": {"uv": [0, 0, 11, 1], "texture": "#missing"},
				"up": {"uv": [0, 0, 4, 11], "texture": "#missing"},
				"down": {"uv": [0, 0, 4, 11], "texture": "#missing"}
			}
		},
		{
			"from": [12.5, 7, 2.5],
			"to": [16.5, 8, 13.5],
			"rotation": {"angle": 22.5, "axis": "z", "origin": [12.5, 7, 8]},
			"color": 8,
			"faces": {
				"north": {"uv": [4, 0, 8, 1], "texture": "#missing"},
				"east": {"uv": [4, 0, 15, 1], "texture": "#missing"},
				"south": {"uv": [4, 0, 8, 1], "texture": "#missing"},
				"west": {"uv": [4, 0, 15, 1], "texture": "#missing"},
				"up": {"uv": [4, 0, 8, 11], "texture": "#missing"},
				"down": {"uv": [4, 0, 8, 11], "texture": "#missing"}
			}
		},
		{
			"from": [6.5, 8.5, 2.5],
			"to": [9.5, 11.5, 5.5],
			"rotation": {"angle": 0, "axis": "y", "origin": [6.5, 8.5, 2.5]},
			"color": 5,
			"faces": {
				"north": {"uv": [0, 0, 3, 3], "texture": "#missing"},
				"east": {"uv": [0, 0, 3, 3], "texture": "#missing"},
				"south": {"uv": [0, 0, 3, 3], "texture": "#missing"},
				"west": {"uv": [0, 0, 3, 3], "texture": "#missing"},
				"up": {"uv": [0, 0, 3, 3], "texture": "#missing"},
				"down": {"uv": [0, 0, 3, 3], "texture": "#missing"}
			}
		}
	],
	"display": {
		"thirdperson_righthand": {
			"translation": [0, 3, 1],
			"scale": [0.55, 0.55, 0.55]
		},
		"thirdperson_lefthand": {
			"translation": [0, 3, 1],
			"scale": [0.55, 0.55, 0.55]
		},
		"firstperson_righthand": {
			"rotation": [0, -90, 25],
			"translation": [1.13, 3.2, 1.13],
			"scale": [0.68, 0.68, 0.68]
		},
		"firstperson_lefthand": {
			"rotation": [0, -90, 25],
			"translation": [1.13, 3.2, 1.13],
			"scale": [0.68, 0.68, 0.68]
		},
		"ground": {
			"translation": [0, 0, 0]
		},
		"head": {
			"translation": [0, 6.4, 0],
			"scale": [1.6, 1.6, 1.6]
		}
	}
}