{
	"credit": "Made with Blockbench",
	"parent": "fluffcord:_base",
	"texture_size": [64, 64],
	"textures": {
		"0": "fluffcord:item/niko_hat",
		"particle": "fluffcord:item/niko_hat"
	},
	"elements": [
		{
			"name": "rim",
			"from": [1, 5, 1],
			"to": [15, 6, 15],
			"faces": {
				"north": {"uv": [3.5, 3.5, 7, 3.75], "texture": "#0"},
				"east": {"uv": [0, 3.5, 3.5, 3.75], "texture": "#0"},
				"south": {"uv": [10.5, 3.5, 14, 3.75], "texture": "#0"},
				"west": {"uv": [7, 3.5, 10.5, 3.75], "texture": "#0"},
				"up": {"uv": [7, 3.5, 3.5, 0], "texture": "#0"},
				"down": {"uv": [10.5, 0, 7, 3.5], "texture": "#0"}
			}
		},
		{
			"name": "main",
			"from": [3, 6, 3],
			"to": [13, 11, 13],
			"faces": {
				"north": {"uv": [2.5, 6.25, 5, 7.5], "texture": "#0"},
				"east": {"uv": [0, 6.25, 2.5, 7.5], "texture": "#0"},
				"south": {"uv": [7.5, 6.25, 10, 7.5], "texture": "#0"},
				"west": {"uv": [5, 6.25, 7.5, 7.5], "texture": "#0"},
				"up": {"uv": [5, 6.25, 2.5, 3.75], "texture": "#0"},
				"down": {"uv": [7.5, 3.75, 5, 6.25], "texture": "#0"}
			}
		},
		{
			"from": [1.5, 6, 4],
			"to": [6.5, 13, 6],
			"rotation": {"angle": -22.5, "axis": "y", "origin": [6.5, 9.5, 5]},
			"faces": {
				"north": {"uv": [0.5, 8, 1.75, 9.75], "texture": "#0"},
				"east": {"uv": [0, 8, 0.5, 9.75], "texture": "#0"},
				"south": {"uv": [2.25, 8, 3.5, 9.75], "texture": "#0"},
				"west": {"uv": [1.75, 8, 2.25, 9.75], "texture": "#0"},
				"up": {"uv": [1.75, 8, 0.5, 7.5], "texture": "#0"},
				"down": {"uv": [3, 7.5, 1.75, 8], "texture": "#0"}
			}
		},
		{
			"from": [9.5, 6, 4],
			"to": [14.5, 13, 6],
			"rotation": {"angle": 22.5, "axis": "y", "origin": [9.5, 9.5, 5]},
			"faces": {
				"north": {"uv": [0.5, 0.5, 1.75, 2.25], "texture": "#0"},
				"east": {"uv": [0, 0.5, 0.5, 2.25], "texture": "#0"},
				"south": {"uv": [2.25, 0.5, 3.5, 2.25], "texture": "#0"},
				"west": {"uv": [1.75, 0.5, 2.25, 2.25], "texture": "#0"},
				"up": {"uv": [1.75, 0.5, 0.5, 0], "texture": "#0"},
				"down": {"uv": [3, 0, 1.75, 0.5], "texture": "#0"}
			}
		}
	],
	"display": {
		"thirdperson_righthand": {
			"translation": [0, 3, 1],
			"scale": [0.55, 0.55, 0.55]
		},
		"thirdperson_lefthand": {
			"translation": [0, 3, 1],
			"scale": [0.55, 0.55, 0.55]
		},
		"firstperson_righthand": {
			"rotation": [0, -90, 25],
			"translation": [1.13, 3.2, 1.13],
			"scale": [0.68, 0.68, 0.68]
		},
		"firstperson_lefthand": {
			"rotation": [0, -90, 25],
			"translation": [1.13, 3.2, 1.13],
			"scale": [0.68, 0.68, 0.68]
		},
		"ground": {
			"translation": [0, 0, 0]
		},
		"head": {
			"translation": [0, 6.4, 0],
			"scale": [1.6, 1.6, 1.6]
		}
	}
}