{
	"credit": "Made with Blockbench",
	"parent": "fluffcord:item/_base",
	"textures": {
		"0": "fluffcord:item/ralsei_horns",
		"particle": "fluffcord:item/ralsei_horns"
	},
	"elements": [
		{
			"name": "left_1",
			"from": [4.25, 7.5, 7],
			"to": [6.25, 9.5, 9],
			"rotation": {"angle": 22.5, "axis": "z", "origin": [5, 8.5, 8]},
			"faces": {
				"north": {"uv": [10, 2, 12, 4], "texture": "#0"},
				"east": {"uv": [8, 2, 10, 4], "texture": "#0"},
				"south": {"uv": [14, 2, 16, 4], "texture": "#0"},
				"west": {"uv": [12, 2, 14, 4], "texture": "#0"},
				"up": {"uv": [12, 2, 10, 0], "texture": "#0"},
				"down": {"uv": [14, 0, 12, 2], "texture": "#0"}
			}
		},
		{
			"name": "left_2",
			"from": [4.15538, 9.23254, 7.25],
			"to": [5.65538, 11.23254, 8.75],
			"rotation": {"angle": 0, "axis": "z", "origin": [4.40538, 9.23254, 8]},
			"faces": {
				"north": {"uv": [13, 5, 14, 7], "texture": "#0"},
				"east": {"uv": [12, 5, 13, 7], "texture": "#0"},
				"south": {"uv": [15, 5, 16, 7], "texture": "#0"},
				"west": {"uv": [14, 5, 15, 7], "texture": "#0"},
				"up": {"uv": [14, 5, 13, 4], "texture": "#0"},
				"down": {"uv": [15, 4, 14, 5], "texture": "#0"}
			}
		},
		{
			"name": "left_3",
			"from": [4.40538, 11.23254, 7.5],
			"to": [5.40538, 13.23254, 8.5],
			"rotation": {"angle": -22.5, "axis": "z", "origin": [4.40538, 11.23254, 8]},
			"faces": {
				"north": {"uv": [9, 5, 10, 7], "texture": "#0"},
				"east": {"uv": [8, 5, 9, 7], "texture": "#0"},
				"south": {"uv": [11, 5, 12, 7], "texture": "#0"},
				"west": {"uv": [10, 5, 11, 7], "texture": "#0"},
				"up": {"uv": [10, 5, 9, 4], "texture": "#0"},
				"down": {"uv": [11, 4, 10, 5], "texture": "#0"}
			}
		},
		{
			"name": "right_1",
			"from": [9.75, 7.5, 7],
			"to": [11.75, 9.5, 9],
			"rotation": {"angle": -22.5, "axis": "z", "origin": [11, 8.5, 8]},
			"faces": {
				"north": {"uv": [4, 2, 2, 4], "texture": "#0"},
				"east": {"uv": [6, 2, 4, 4], "texture": "#0"},
				"south": {"uv": [8, 2, 6, 4], "texture": "#0"},
				"west": {"uv": [2, 2, 0, 4], "texture": "#0"},
				"up": {"uv": [2, 2, 4, 0], "texture": "#0"},
				"down": {"uv": [4, 0, 6, 2], "texture": "#0"}
			}
		},
		{
			"name": "right_2",
			"from": [10.34462, 9.23254, 7.25],
			"to": [11.84462, 11.23254, 8.75],
			"rotation": {"angle": 0, "axis": "z", "origin": [11.59462, 9.23254, 8]},
			"faces": {
				"north": {"uv": [6, 5, 5, 7], "texture": "#0"},
				"east": {"uv": [7, 5, 6, 7], "texture": "#0"},
				"south": {"uv": [8, 5, 7, 7], "texture": "#0"},
				"west": {"uv": [5, 5, 4, 7], "texture": "#0"},
				"up": {"uv": [5, 5, 6, 4], "texture": "#0"},
				"down": {"uv": [6, 4, 7, 5], "texture": "#0"}
			}
		},
		{
			"name": "right_3",
			"from": [10.59462, 11.23254, 7.5],
			"to": [11.59462, 13.23254, 8.5],
			"rotation": {"angle": 22.5, "axis": "z", "origin": [11.59462, 11.23254, 8]},
			"faces": {
				"north": {"uv": [2, 5, 1, 7], "texture": "#0"},
				"east": {"uv": [3, 5, 2, 7], "texture": "#0"},
				"south": {"uv": [4, 5, 3, 7], "texture": "#0"},
				"west": {"uv": [1, 5, 0, 7], "texture": "#0"},
				"up": {"uv": [1, 5, 2, 4], "texture": "#0"},
				"down": {"uv": [2, 4, 3, 5], "texture": "#0"}
			}
		}
	],
	"display": {
		"thirdperson_righthand": {
			"translation": [0, -1, -1],
			"scale": [0.55, 0.55, 0.55]
		},
		"thirdperson_lefthand": {
			"translation": [0, -1, -1],
			"scale": [0.55, 0.55, 0.55]
		},
		"firstperson_righthand": {
			"rotation": [0, 0, 25],
			"translation": [1.13, 3.2, 1.13],
			"scale": [0.68, 0.68, 0.68]
		},
		"firstperson_lefthand": {
			"rotation": [0, 0, 25],
			"translation": [1.13, 3.2, 1.13],
			"scale": [0.68, 0.68, 0.68]
		},
		"ground": {
			"translation": [0, -2, 0]
		},
		"gui": {
			"rotation": [30, 225, 0],
			"translation": [0, -2.5, 0],
			"scale": [1.5, 1.5, 1.5]
		},
		"head": {
			"translation": [0, 6.4, 0],
			"scale": [1.6, 1.6, 1.6]
		},
		"fixed": {
			"translation": [0, -3, 0],
			"scale": [1.5, 1.5, 1.5]
		}
	},
	"groups": [
		{
			"name": "left",
			"origin": [4.40538, 11.23254, 8],
			"color": 0,
			"children": [0, 1, 2]
		},
		{
			"name": "right",
			"origin": [11.59462, 9.23254, 8],
			"color": 0,
			"children": [3, 4, 5]
		}
	]
}