{
	"credit": "Made with Blockbench",
	"parent": "fluffcord:item/_base",
	"textures": {
		"0": "fluffcord:item/spamton_glasses",
		"particle": "fluffcord:item/spamton_glasses"
	},
	"elements": [
		{
			"name": "nose",
			"from": [7.5, 3, 0],
			"to": [8.5, 4, 4],
			"rotation": {"angle": -22.5, "axis": "x", "origin": [8, 4, 4]},
			"faces": {
				"north": {"uv": [6, 5, 7, 6], "texture": "#0"},
				"east": {"uv": [10, 5, 6, 6], "texture": "#0"},
				"south": {"uv": [9, 5, 10, 6], "texture": "#0"},
				"west": {"uv": [6, 5, 10, 6], "texture": "#0"},
				"up": {"uv": [10, 6, 6, 5], "rotation": 270, "texture": "#0"},
				"down": {"uv": [6, 6, 10, 5], "rotation": 270, "texture": "#0"}
			}
		},
		{
			"name": "glass left",
			"from": [4.5, 3, 3],
			"to": [7.5, 6, 4],
			"rotation": {"angle": 0, "axis": "y", "origin": [6, 4.5, 3.5]},
			"faces": {
				"north": {"uv": [9, 1, 12, 4], "texture": "#0"},
				"east": {"uv": [8, 1, 9, 4], "texture": "#0"},
				"south": {"uv": [13, 1, 16, 4], "texture": "#0"},
				"west": {"uv": [12, 1, 13, 4], "texture": "#0"},
				"up": {"uv": [12, 1, 9, 0], "texture": "#0"},
				"down": {"uv": [15, 0, 12, 1], "texture": "#0"}
			}
		},
		{
			"name": "glass right",
			"from": [8.5, 3, 3],
			"to": [11.5, 6, 4],
			"rotation": {"angle": 0, "axis": "y", "origin": [10, 4.5, 3.5]},
			"faces": {
				"north": {"uv": [1, 1, 4, 4], "texture": "#0"},
				"east": {"uv": [0, 1, 1, 4], "texture": "#0"},
				"south": {"uv": [5, 1, 8, 4], "texture": "#0"},
				"west": {"uv": [4, 1, 5, 4], "texture": "#0"},
				"up": {"uv": [4, 1, 1, 0], "texture": "#0"},
				"down": {"uv": [7, 0, 4, 1], "texture": "#0"}
			}
		},
		{
			"name": "nose bridge",
			"from": [7.5, 4, 3],
			"to": [8.5, 5, 4],
			"faces": {
				"north": {"uv": [8, 4, 9, 5], "texture": "#0"},
				"east": {"uv": [8, 4, 9, 5], "texture": "#0"},
				"south": {"uv": [8, 4, 9, 5], "texture": "#0"},
				"west": {"uv": [8, 4, 9, 5], "texture": "#0"},
				"up": {"uv": [9, 5, 8, 4], "texture": "#0"},
				"down": {"uv": [9, 4, 8, 5], "texture": "#0"}
			}
		},
		{
			"name": "frame left",
			"from": [3.5, 4, 3],
			"to": [4.5, 5, 9],
			"faces": {
				"north": {"uv": [8, 6, 9, 7], "texture": "#0"},
				"east": {"uv": [14, 6, 8, 7], "texture": "#0"},
				"south": {"uv": [13, 6, 14, 7], "texture": "#0"},
				"west": {"uv": [8, 6, 14, 7], "texture": "#0"},
				"up": {"uv": [14, 7, 8, 6], "rotation": 270, "texture": "#0"},
				"down": {"uv": [8, 7, 14, 6], "rotation": 270, "texture": "#0"}
			}
		},
		{
			"name": "frame right",
			"from": [11.5, 4, 3],
			"to": [12.5, 5, 9],
			"faces": {
				"north": {"uv": [8, 6, 7, 7], "texture": "#0"},
				"east": {"uv": [2, 6, 8, 7], "texture": "#0"},
				"south": {"uv": [3, 6, 2, 7], "texture": "#0"},
				"west": {"uv": [8, 6, 2, 7], "texture": "#0"},
				"up": {"uv": [2, 7, 8, 6], "rotation": 270, "texture": "#0"},
				"down": {"uv": [8, 7, 2, 6], "rotation": 270, "texture": "#0"}
			}
		}
	],
	"display": {
		"thirdperson_righthand": {
			"translation": [0, 1, 1.5],
			"scale": [0.55, 0.55, 0.55]
		},
		"thirdperson_lefthand": {
			"translation": [0, 1, 1.5],
			"scale": [0.55, 0.55, 0.55]
		},
		"firstperson_righthand": {
			"rotation": [0, 0, 25],
			"translation": [-1, 5, 3],
			"scale": [0.68, 0.68, 0.68]
		},
		"firstperson_lefthand": {
			"rotation": [0, 0, 25],
			"translation": [-1, 5, 3],
			"scale": [0.68, 0.68, 0.68]
		},
		"ground": {
			"translation": [0, 3, 4]
		},
		"gui": {
			"rotation": [30, 225, 0],
			"translation": [-1.75, 5.5, 0],
			"scale": [1.25, 1.25, 1.25]
		},
		"head": {
			"translation": [0, 6.4, 0],
			"scale": [1.6, 1.6, 1.6]
		},
		"fixed": {
			"translation": [0, 5.5, 5],
			"scale": [1.5, 1.5, 1.5]
		}
	}
}