{
	"credit": "Made with Blockbench",
	"texture_size": [64, 64],
	"textures": {
		"1": "./british_cap",
		"particle": "./british_cap"
	},
	"elements": [
		{
			"from": [-0.25, 12.8779, 6.9712],
			"to": [16.25, 15.3779, 16.4712],
			"rotation": {"angle": 0, "axis": "y", "origin": [23.99908, 7.95, 8]},
			"faces": {
				"north": {"uv": [0, 7.75, 4.25, 8.5], "texture": "#1"},
				"east": {"uv": [8.5, 2.25, 11, 3], "texture": "#1"},
				"south": {"uv": [8, 0, 12.25, 0.75], "texture": "#1"},
				"west": {"uv": [8.5, 3, 11, 3.75], "texture": "#1"},
				"up": {"uv": [4.25, 2.5, 0, 0], "texture": "#1"},
				"down": {"uv": [4.25, 2.5, 0, 5], "texture": "#1"}
			}
		},
		{
			"from": [0.75, 9.6279, 5.9712],
			"to": [15.25, 13.6279, 15.4712],
			"rotation": {"angle": 0, "axis": "y", "origin": [23.99908, 7.95, 8]},
			"faces": {
				"east": {"uv": [4.25, 7.75, 6.75, 8.75], "texture": "#1"},
				"south": {"uv": [7, 7.5, 10.75, 8.5], "texture": "#1"},
				"west": {"uv": [0, 8.5, 2.5, 9.5], "texture": "#1"},
				"down": {"uv": [8, 0, 4.25, 2.5], "texture": "#1"}
			}
		},
		{
			"from": [0.75, 9.6279, -0.0288],
			"to": [15.25, 13.6279, 5.9712],
			"rotation": {"angle": 0, "axis": "y", "origin": [23.99908, 8, 8]},
			"faces": {
				"north": {"uv": [7, 6.5, 10.75, 7.5], "texture": "#1"},
				"east": {"uv": [2.5, 8.5, 4, 9.5], "texture": "#1"},
				"west": {"uv": [8.5, 3.75, 10, 4.75], "texture": "#1"},
				"down": {"uv": [3.75, 5, 0, 6.5], "texture": "#1"}
			}
		},
		{
			"from": [-0.25, 13.6279, -1.0288],
			"to": [16.25, 16.1279, 6.9712],
			"rotation": {"angle": 0, "axis": "y", "origin": [23.99908, 8, 8]},
			"faces": {
				"north": {"uv": [8, 0.75, 12.25, 1.5], "texture": "#1"},
				"east": {"uv": [8.5, 4.75, 10.5, 5.5], "texture": "#1"},
				"south": {"uv": [8, 1.5, 12.25, 2.25], "texture": "#1"},
				"west": {"uv": [8.5, 5.5, 10.5, 6.25], "texture": "#1"},
				"up": {"uv": [8.5, 4.5, 4.25, 2.5], "texture": "#1"},
				"down": {"uv": [8.5, 4.5, 4.25, 6.5], "texture": "#1"}
			}
		},
		{
			"from": [1, 9.15516, -1.5242],
			"to": [15, 10.15516, 3.4758],
			"rotation": {"angle": -22.5, "axis": "x", "origin": [7.99913, 8.49998, 1.49825]},
			"faces": {
				"north": {"uv": [8.5, 6.25, 12, 6.5], "texture": "#1"},
				"east": {"uv": [4, 9, 5.25, 9.25], "texture": "#1"},
				"west": {"uv": [5.25, 9, 6.5, 9.25], "texture": "#1"},
				"up": {"uv": [3.5, 7.75, 0, 6.5], "texture": "#1"},
				"down": {"uv": [7, 6.5, 3.5, 7.75], "texture": "#1"}
			}
		},
		{
			"from": [2.25, 8.10344, -2.78104],
			"to": [13.75, 9.10344, -1.78104],
			"rotation": {"angle": -22.5, "axis": "x", "origin": [7.98182, 8.61972, -1.27385]},
			"faces": {
				"north": {"uv": [6.75, 8.5, 9.75, 8.75], "texture": "#1"},
				"east": {"uv": [3.75, 5, 4, 5.25], "texture": "#1"},
				"west": {"uv": [4, 5, 4.25, 5.25], "texture": "#1"},
				"up": {"uv": [7, 9, 4, 8.75], "texture": "#1"},
				"down": {"uv": [10, 8.75, 7, 9], "texture": "#1"}
			}
		}
	],
	"gui_light": "front",
	"overrides": [
		{
			"predicate": {
				"pulling": 1
			},
			"model": "item/bow_pulling_0"
		},
		{
			"predicate": {
				"pulling": 1,
				"pull": 0.3
			},
			"model": "item/bow_pulling_1"
		},
		{
			"predicate": {
				"pulling": 1,
				"pull": 0.3
			},
			"model": "item/bow_pulling_2"
		}
	],
	"display": {
		"thirdperson_righthand": {
			"rotation": [0, 42, 0],
			"translation": [0, 0, 1],
			"scale": [0.3, 0.3, 0.3]
		},
		"thirdperson_lefthand": {
			"rotation": [74, 0, 0],
			"translation": [-3.5, 0.75, 13.75],
			"scale": [0.3, 0.3, 0.3]
		},
		"firstperson_righthand": {
			"rotation": [0, 111, 0],
			"translation": [0, 0.25, -0.25],
			"scale": [0.4, 0.4, 0.4]
		},
		"firstperson_lefthand": {
			"rotation": [-7, 124, -15],
			"translation": [0.25, 3.25, 0],
			"scale": [0.4, 0.4, 0.4]
		},
		"ground": {
			"translation": [0, 1.25, 0],
			"scale": [0.4, 0.4, 0.4]
		},
		"gui": {
			"rotation": [0, -180, 0],
			"translation": [0, -2, 0],
			"scale": [0.7, 0.7, 1]
		},
		"head": {
			"translation": [0, -0.15, -0.25]
		},
		"fixed": {
			"translation": [0, -1.5, 0.5],
			"scale": [0.7, 0.7, 0.7]
		}
	}
}