{
	"credit": "Made with Blockbench",
	"texture_size": [32, 32],
	"textures": {
		"0": "fluffcord:item/spamton_neo_blaster",
		"particle": "fluffcord:item/spamton_neo_blaster"
	},
	"elements": [
		{
			"from": [5, 1, 5],
			"to": [11, 7, 11],
			"faces": {
				"north": {"uv": [3, 3, 6, 6], "texture": "#0"},
				"east": {"uv": [0, 3, 3, 6], "texture": "#0"},
				"south": {"uv": [9, 3, 12, 6], "texture": "#0"},
				"west": {"uv": [6, 3, 9, 6], "texture": "#0"},
				"up": {"uv": [6, 3, 3, 0], "texture": "#0"},
				"down": {"uv": [9, 0, 6, 3], "texture": "#0"}
			}
		},
		{
			"from": [6, 2, 3],
			"to": [10, 6, 5],
			"faces": {
				"north": {"uv": [1, 7, 3, 9], "texture": "#0"},
				"east": {"uv": [0, 7, 1, 9], "texture": "#0"},
				"south": {"uv": [4, 7, 6, 9], "texture": "#0"},
				"west": {"uv": [3, 7, 4, 9], "texture": "#0"},
				"up": {"uv": [3, 7, 1, 6], "texture": "#0"},
				"down": {"uv": [5, 6, 3, 7], "texture": "#0"}
			}
		}
	],
	"display": {
		"thirdperson_righthand": {
			"translation": [0, 2, 1]
		},
		"thirdperson_lefthand": {
			"translation": [0, 2, 1]
		},
		"firstperson_righthand": {
			"rotation": [0, 0, 25],
			"translation": [-2, 5, 4]
		},
		"firstperson_lefthand": {
			"rotation": [0, 0, 25],
			"translation": [-2, 5, 4]
		},
		"ground": {
			"translation": [0, 2, 0],
			"scale": [0.5, 0.5, 0.5]
		},
		"gui": {
			"rotation": [30, -135, 0],
			"translation": [-0.5, 5.25, 0],
			"scale": [1.5, 1.5, 1.5]
		},
		"head": {
			"rotation": [90, 0, 0],
			"translation": [0, 11.2, 6.4],
			"scale": [1.6, 1.6, 1.6]
		},
		"fixed": {
			"rotation": [0, 90, 0],
			"translation": [0, 6, 0],
			"scale": [1.5, 1.5, 1.5]
		}
	}
}