{
	"credit": "Made with Blockbench",
	"parent": "fluffcord:item/_base",
	"textures": {
		"0": "fluffcord:item/mabel",
		"particle": "fluffcord:item/mabel"
	},
	"elements": [
		{
			"name": "mabel_0",
			"from": [1, 10, 7],
			"to": [4, 11, 8],
			"faces": {
				"north": {"uv": [4, 1, 1, 2], "texture": "#0"},
				"east": {"uv": [3, 1, 4, 2], "texture": "#0"},
				"south": {"uv": [1, 1, 4, 2], "texture": "#0"},
				"west": {"uv": [1, 1, 2, 2], "texture": "#0"},
				"up": {"uv": [1, 1, 4, 2], "texture": "#0"},
				"down": {"uv": [1, 1, 4, 2], "texture": "#0"}
			}
		},
		{
			"name": "mabel_1",
			"from": [12, 10, 7],
			"to": [15, 11, 8],
			"faces": {
				"north": {"uv": [15, 1, 12, 2], "texture": "#0"},
				"east": {"uv": [14, 1, 15, 2], "texture": "#0"},
				"south": {"uv": [12, 1, 15, 2], "texture": "#0"},
				"west": {"uv": [12, 1, 13, 2], "texture": "#0"},
				"up": {"uv": [12, 1, 15, 2], "texture": "#0"},
				"down": {"uv": [12, 1, 15, 2], "texture": "#0"}
			}
		},
		{
			"name": "mabel_2",
			"from": [1, 8, 7],
			"to": [2, 10, 8],
			"faces": {
				"north": {"uv": [2, 2, 1, 4], "texture": "#0"},
				"east": {"uv": [1, 2, 2, 4], "texture": "#0"},
				"south": {"uv": [1, 2, 2, 4], "texture": "#0"},
				"west": {"uv": [1, 2, 2, 4], "texture": "#0"},
				"up": {"uv": [1, 2, 2, 3], "texture": "#0"},
				"down": {"uv": [1, 3, 2, 4], "texture": "#0"}
			}
		},
		{
			"name": "mabel_3",
			"from": [4, 9, 7],
			"to": [5, 10, 8],
			"faces": {
				"north": {"uv": [5, 2, 4, 3], "texture": "#0"},
				"east": {"uv": [4, 2, 5, 3], "texture": "#0"},
				"south": {"uv": [4, 2, 5, 3], "texture": "#0"},
				"west": {"uv": [4, 2, 5, 3], "texture": "#0"},
				"up": {"uv": [4, 2, 5, 3], "texture": "#0"},
				"down": {"uv": [4, 2, 5, 3], "texture": "#0"}
			}
		},
		{
			"name": "mabel_4",
			"from": [11, 9, 7],
			"to": [12, 10, 8],
			"faces": {
				"north": {"uv": [12, 2, 11, 3], "texture": "#0"},
				"east": {"uv": [11, 2, 12, 3], "texture": "#0"},
				"south": {"uv": [11, 2, 12, 3], "texture": "#0"},
				"west": {"uv": [11, 2, 12, 3], "texture": "#0"},
				"up": {"uv": [11, 2, 12, 3], "texture": "#0"},
				"down": {"uv": [11, 2, 12, 3], "texture": "#0"}
			}
		},
		{
			"name": "mabel_5",
			"from": [14, 8, 7],
			"to": [15, 10, 8],
			"faces": {
				"north": {"uv": [15, 2, 14, 4], "texture": "#0"},
				"east": {"uv": [14, 2, 15, 4], "texture": "#0"},
				"south": {"uv": [14, 2, 15, 4], "texture": "#0"},
				"west": {"uv": [14, 2, 15, 4], "texture": "#0"},
				"up": {"uv": [14, 2, 15, 3], "texture": "#0"},
				"down": {"uv": [14, 3, 15, 4], "texture": "#0"}
			}
		},
		{
			"name": "mabel_6",
			"from": [2, 7, 7],
			"to": [3, 8, 8],
			"faces": {
				"north": {"uv": [3, 4, 2, 5], "texture": "#0"},
				"east": {"uv": [2, 4, 3, 5], "texture": "#0"},
				"south": {"uv": [2, 4, 3, 5], "texture": "#0"},
				"west": {"uv": [2, 4, 3, 5], "texture": "#0"},
				"up": {"uv": [2, 4, 3, 5], "texture": "#0"},
				"down": {"uv": [2, 4, 3, 5], "texture": "#0"}
			}
		},
		{
			"name": "mabel_7",
			"from": [13, 7, 7],
			"to": [14, 8, 8],
			"faces": {
				"north": {"uv": [14, 4, 13, 5], "texture": "#0"},
				"east": {"uv": [13, 4, 14, 5], "texture": "#0"},
				"south": {"uv": [13, 4, 14, 5], "texture": "#0"},
				"west": {"uv": [13, 4, 14, 5], "texture": "#0"},
				"up": {"uv": [13, 4, 14, 5], "texture": "#0"},
				"down": {"uv": [13, 4, 14, 5], "texture": "#0"}
			}
		},
		{
			"name": "mabel_8",
			"from": [1, 4, 5],
			"to": [3, 5, 6],
			"faces": {
				"north": {"uv": [3, 7, 1, 8], "texture": "#0"},
				"east": {"uv": [2, 7, 3, 8], "texture": "#0"},
				"south": {"uv": [1, 7, 3, 8], "texture": "#0"},
				"west": {"uv": [1, 7, 2, 8], "texture": "#0"},
				"up": {"uv": [1, 7, 3, 8], "texture": "#0"},
				"down": {"uv": [1, 7, 3, 8], "texture": "#0"}
			}
		},
		{
			"name": "mabel_9",
			"from": [13, 4, 5],
			"to": [15, 5, 6],
			"faces": {
				"north": {"uv": [15, 7, 13, 8], "texture": "#0"},
				"east": {"uv": [14, 7, 15, 8], "texture": "#0"},
				"south": {"uv": [13, 7, 15, 8], "texture": "#0"},
				"west": {"uv": [13, 7, 14, 8], "texture": "#0"},
				"up": {"uv": [13, 7, 15, 8], "texture": "#0"},
				"down": {"uv": [13, 7, 15, 8], "texture": "#0"}
			}
		},
		{
			"name": "mabel_10",
			"from": [0, 2, 5],
			"to": [3, 3, 6],
			"faces": {
				"north": {"uv": [3, 9, 0, 10], "texture": "#0"},
				"east": {"uv": [2, 9, 3, 10], "texture": "#0"},
				"south": {"uv": [0, 9, 3, 10], "texture": "#0"},
				"west": {"uv": [0, 9, 1, 10], "texture": "#0"},
				"up": {"uv": [0, 9, 3, 10], "texture": "#0"},
				"down": {"uv": [0, 9, 3, 10], "texture": "#0"}
			}
		},
		{
			"name": "mabel_14",
			"from": [13, 2, 5],
			"to": [16, 3, 6],
			"faces": {
				"north": {"uv": [16, 9, 13, 10], "texture": "#0"},
				"east": {"uv": [15, 9, 16, 10], "texture": "#0"},
				"south": {"uv": [13, 9, 16, 10], "texture": "#0"},
				"west": {"uv": [13, 9, 14, 10], "texture": "#0"},
				"up": {"uv": [13, 9, 16, 10], "texture": "#0"},
				"down": {"uv": [13, 9, 16, 10], "texture": "#0"}
			}
		},
		{
			"name": "mabel_17",
			"from": [1, 0, 5],
			"to": [3, 1, 6],
			"faces": {
				"north": {"uv": [3, 11, 1, 12], "texture": "#0"},
				"east": {"uv": [2, 11, 3, 12], "texture": "#0"},
				"south": {"uv": [1, 11, 3, 12], "texture": "#0"},
				"west": {"uv": [1, 11, 2, 12], "texture": "#0"},
				"up": {"uv": [1, 11, 3, 12], "texture": "#0"},
				"down": {"uv": [1, 11, 3, 12], "texture": "#0"}
			}
		},
		{
			"name": "mabel_18",
			"from": [13, 0, 5],
			"to": [15, 1, 6],
			"faces": {
				"north": {"uv": [15, 11, 13, 12], "texture": "#0"},
				"east": {"uv": [14, 11, 15, 12], "texture": "#0"},
				"south": {"uv": [13, 11, 15, 12], "texture": "#0"},
				"west": {"uv": [13, 11, 14, 12], "texture": "#0"},
				"up": {"uv": [13, 11, 15, 12], "texture": "#0"},
				"down": {"uv": [13, 11, 15, 12], "texture": "#0"}
			}
		},
		{
			"name": "mabel_19",
			"from": [5, -1, 5],
			"to": [6, 0, 6],
			"faces": {
				"north": {"uv": [6, 12, 5, 13], "texture": "#0"},
				"east": {"uv": [5, 12, 6, 13], "texture": "#0"},
				"south": {"uv": [5, 12, 6, 13], "texture": "#0"},
				"west": {"uv": [5, 12, 6, 13], "texture": "#0"},
				"up": {"uv": [5, 12, 6, 13], "texture": "#0"},
				"down": {"uv": [5, 12, 6, 13], "texture": "#0"}
			}
		},
		{
			"name": "mabel_20",
			"from": [10, -1, 5],
			"to": [11, 0, 6],
			"faces": {
				"north": {"uv": [11, 12, 10, 13], "texture": "#0"},
				"east": {"uv": [10, 12, 11, 13], "texture": "#0"},
				"south": {"uv": [10, 12, 11, 13], "texture": "#0"},
				"west": {"uv": [10, 12, 11, 13], "texture": "#0"},
				"up": {"uv": [10, 12, 11, 13], "texture": "#0"},
				"down": {"uv": [10, 12, 11, 13], "texture": "#0"}
			}
		},
		{
			"name": "mabel_21",
			"from": [6, -2, 5],
			"to": [10, -1, 6],
			"faces": {
				"north": {"uv": [10, 13, 6, 14], "texture": "#0"},
				"east": {"uv": [9, 13, 10, 14], "texture": "#0"},
				"south": {"uv": [6, 13, 10, 14], "texture": "#0"},
				"west": {"uv": [6, 13, 7, 14], "texture": "#0"},
				"up": {"uv": [6, 13, 10, 14], "texture": "#0"},
				"down": {"uv": [6, 13, 10, 14], "texture": "#0"}
			}
		},
		{
			"name": "mabel_22",
			"from": [7, -3, 5],
			"to": [9, -2, 6],
			"faces": {
				"north": {"uv": [9, 14, 7, 15], "texture": "#0"},
				"east": {"uv": [8, 14, 9, 15], "texture": "#0"},
				"south": {"uv": [7, 14, 9, 15], "texture": "#0"},
				"west": {"uv": [7, 14, 8, 15], "texture": "#0"},
				"up": {"uv": [7, 14, 9, 15], "texture": "#0"},
				"down": {"uv": [7, 14, 9, 15], "texture": "#0"}
			}
		}
	],
	"gui_light": "front",
	"display": {
		"thirdperson_righthand": {
			"translation": [0, 1, 1],
			"scale": [0.55, 0.55, 0.55]
		},
		"thirdperson_lefthand": {
			"translation": [0, 1, 1],
			"scale": [0.55, 0.55, 0.55]
		},
		"firstperson_righthand": {
			"rotation": [0, 0, 25],
			"translation": [1.13, 5.7, 1.13],
			"scale": [0.68, 0.68, 0.68]
		},
		"firstperson_lefthand": {
			"rotation": [0, 0, 25],
			"translation": [1.13, 5.7, 1.13],
			"scale": [0.68, 0.68, 0.68]
		},
		"ground": {
			"translation": [0, 2, 0.75],
			"scale": [0.5, 0.5, 0.5]
		},
		"gui": {
			"translation": [0, 4, 0]
		},
		"head": {
			"translation": [0, 6.4, 0],
			"scale": [1.6, 1.6, 1.6]
		},
		"fixed": {
			"translation": [0, 4, 0]
		}
	},
	"groups": [
		{
			"name": "ears",
			"origin": [0, 0, 0],
			"color": 0,
			"children": [0, 1, 2, 3, 4, 5, 6, 7]
		},
		{
			"name": "whiskers",
			"origin": [0, 0, 0],
			"color": 0,
			"children": [8, 9, 10, 11, 12, 13]
		},
		{
			"name": "collar",
			"origin": [0, 0, 0],
			"color": 0,
			"children": [14, 15, 16, 17]
		}
	]
}