{
	"credit": "Made with Blockbench",
	"parent": "fluffcord:item/_base",
	"texture_size": [64, 64],
	"textures": {
		"0": "fluffcord:item/niko_hat",
		"particle": "fluffcord:item/niko_hat"
	},
	"elements": [
		{
			"name": "rim",
			"from": [1, 5, 1],
			"to": [15, 6, 15],
			"faces": {
				"north": {"uv": [3.5, 3.5, 7, 3.75], "texture": "#0"},
				"east": {"uv": [0, 3.5, 3.5, 3.75], "texture": "#0"},
				"south": {"uv": [10.5, 3.5, 14, 3.75], "texture": "#0"},
				"west": {"uv": [7, 3.5, 10.5, 3.75], "texture": "#0"},
				"up": {"uv": [7, 3.5, 3.5, 0], "texture": "#0"},
				"down": {"uv": [10.5, 0, 7, 3.5], "texture": "#0"}
			}
		},
		{
			"name": "main",
			"from": [3, 6, 3],
			"to": [13, 9, 13],
			"faces": {
				"north": {"uv": [2.5, 6.25, 5, 7], "texture": "#0"},
				"east": {"uv": [0, 6.25, 2.5, 7], "texture": "#0"},
				"south": {"uv": [7.5, 6.25, 10, 7], "texture": "#0"},
				"west": {"uv": [5, 6.25, 7.5, 7], "texture": "#0"},
				"up": {"uv": [5, 6.25, 2.5, 3.75], "texture": "#0"},
				"down": {"uv": [7.5, 3.75, 5, 6.25], "texture": "#0"}
			}
		},
		{
			"name": "ear left",
			"from": [1.75, 6.25, 5],
			"to": [6.75, 11.25, 11],
			"rotation": {"angle": 22.5, "axis": "z", "origin": [4.25, 9.25, 8]},
			"faces": {
				"north": {"uv": [7, 8.75, 8.25, 10], "texture": "#0"},
				"east": {"uv": [5.5, 8.75, 7, 10], "texture": "#0"},
				"south": {"uv": [9.75, 8.75, 11, 10], "texture": "#0"},
				"west": {"uv": [8.25, 8.75, 9.75, 10], "texture": "#0"},
				"up": {"uv": [8.25, 8.75, 7, 7.25], "texture": "#0"},
				"down": {"uv": [9.5, 7.25, 8.25, 8.75], "texture": "#0"}
			}
		},
		{
			"name": "ear right",
			"from": [9.25, 6.25, 5],
			"to": [14.25, 11.25, 11],
			"rotation": {"angle": -22.5, "axis": "z", "origin": [11.75, 9.25, 8]},
			"faces": {
				"north": {"uv": [1.5, 8.75, 2.75, 10], "texture": "#0"},
				"east": {"uv": [0, 8.75, 1.5, 10], "texture": "#0"},
				"south": {"uv": [4.25, 8.75, 5.5, 10], "texture": "#0"},
				"west": {"uv": [2.75, 8.75, 4.25, 10], "texture": "#0"},
				"up": {"uv": [2.75, 8.75, 1.5, 7.25], "texture": "#0"},
				"down": {"uv": [4, 7.25, 2.75, 8.75], "texture": "#0"}
			}
		}
	],
	"display": {
		"thirdperson_righthand": {
			"translation": [0, 0, -1],
			"scale": [0.55, 0.55, 0.55]
		},
		"thirdperson_lefthand": {
			"translation": [0, 0, -1],
			"scale": [0.55, 0.55, 0.55]
		},
		"firstperson_righthand": {
			"rotation": [0, 0, 25],
			"translation": [2, 3.2, 1.13],
			"scale": [0.68, 0.68, 0.68]
		},
		"firstperson_lefthand": {
			"rotation": [0, 0, 25],
			"translation": [2, 3.2, 1.13],
			"scale": [0.68, 0.68, 0.68]
		},
		"ground": {
			"scale": [0.5, 0.5, 0.5]
		},
		"gui": {
			"rotation": [30, 225, 0],
			"scale": [0.625, 0.625, 0.625]
		},
		"head": {
			"translation": [0, 6.4, 0],
			"scale": [1.6, 1.6, 1.6]
		}
	}
}