{
	"credit": "Made with Blockbench",
	"parent": "item/handheld",
	"textures": {
		"particle": "./bat",
		"layer0": "./bat"
	},
	"display": {
		"thirdperson_righthand": {
			"rotation": [0, -90, 55],
			"translation": [0, 4, 0.5],
			"scale": [0.9, 0.9, 1.8]
		},
		"thirdperson_lefthand": {
			"rotation": [-148, 90, -55],
			"translation": [0, -3.75, -1.75],
			"scale": [0.9, 0.9, 1.8]
		},
		"firstperson_righthand": {
			"rotation": [-4, -91, 25],
			"translation": [1.13, 3.7, 0.88],
			"scale": [0.68, 0.68, 1.1]
		},
		"firstperson_lefthand": {
			"rotation": [156, 90, -25],
			"translation": [1.13, -1.05, 1.13],
			"scale": [0.68, 0.68, 1.1]
		},
		"ground": {
			"rotation": [0, 0, 45],
			"translation": [0, 3.75, 0],
			"scale": [0.6, 0.6, 0.8]
		},
		"fixed": {
			"rotation": [0, 0, 90]
		}
	}
}