{
	"credit": "Made with Blockbench",
	"parent": "item/handheld",
	"textures": {
		"particle": "./sable",
		"layer0": "./sable"
	},
	"display": {
		"thirdperson_righthand": {
			"rotation": [3, -90, 55],
			"translation": [0, 5, 0.25],
			"scale": [1.5, 1.5, 0.9]
		},
		"thirdperson_lefthand": {
			"rotation": [-115, -110, 0],
			"translation": [-1.5, -7, -1],
			"scale": [1.5, 1.5, 0.9]
		},
		"firstperson_righthand": {
			"rotation": [-7, -82, 25],
			"translation": [-0.25, 4.7, 2.25],
			"scale": [0.9, 0.9, 0.65]
		},
		"firstperson_lefthand": {
			"rotation": [-180, -87, -23],
			"translation": [0, -1.5, 2]
		},
		"ground": {
			"rotation": [0, 0, 45],
			"translation": [0, 4, 0],
			"scale": [0.8, 0.8, 0.5]
		},
		"gui": {
			"translation": [-0.25, 0.5, 0],
			"scale": [1.45, 1.45, 1]
		},
		"fixed": {
			"rotation": [0, 0, 90],
			"scale": [1.7, 1.7, 1]
		}
	}
}