{
	"credit": "Made with Blockbench",
	"parent": "item/handheld",
	"textures": {
		"particle": "./shovel",
		"layer0": "./shovel"
	},
	"display": {
		"thirdperson_righthand": {
			"rotation": [0, -75, 52],
			"translation": [0, 2.5, -0.25],
			"scale": [0.9, 0.9, 0.9]
		},
		"thirdperson_lefthand": {
			"rotation": [0, 140, -55],
			"translation": [0, -2.25, 0],
			"scale": [0.9, 0.9, 0.9]
		},
		"firstperson_righthand": {
			"rotation": [-4, -91, 25],
			"translation": [0.25, 4.95, 1.25],
			"scale": [0.68, 0.68, 0.68]
		},
		"firstperson_lefthand": {
			"rotation": [-31, 113, -47],
			"translation": [1.13, -1.05, 1.13],
			"scale": [0.68, 0.68, 0.68]
		},
		"ground": {
			"rotation": [0, 0, 45],
			"translation": [0, 5, 0],
			"scale": [0.6, 0.6, 0.6]
		},
		"fixed": {
			"rotation": [0, 0, 90],
			"scale": [1.1, 1.1, 1]
		}
	}
}