{
	"credit": "Made with Blockbench",
	"parent": "item/handheld",
	"textures": {
		"particle": "./tool",
		"layer0": "./tool"
	},
	"display": {
		"thirdperson_righthand": {
			"rotation": [0, -90, 52],
			"translation": [0, -1, 0.25],
			"scale": [0.9, 0.9, 1.5]
		},
		"thirdperson_lefthand": {
			"rotation": [-4, 90, 138],
			"translation": [0, -1, 0.25],
			"scale": [0.9, 0.9, 1.5]
		},
		"firstperson_righthand": {
			"rotation": [-4, -91, 25],
			"translation": [0.25, 2.7, 1],
			"scale": [0.68, 0.68, 0.9]
		},
		"firstperson_lefthand": {
			"rotation": [140, 90, -25],
			"translation": [0.25, 2.95, 1.13],
			"scale": [0.68, 0.68, 0.9]
		},
		"ground": {
			"rotation": [0, 0, 45],
			"translation": [0, 3.75, 0],
			"scale": [0.6, 0.6, 0.6]
		},
		"fixed": {
			"rotation": [0, 0, 90],
			"scale": [1.2, 1.2, 1]
		}
	}
}