{
	"credit": "Made with Blockbench",
	"texture_size": [64, 64],
	"textures": {
		"1": "./french_cap",
		"particle": "./french_cap"
	},
	"elements": [
		{
			"from": [0.75, 9.6279, 5.9712],
			"to": [15.25, 15.6279, 15.4712],
			"rotation": {"angle": 0, "axis": "y", "origin": [23.99908, 8, 8]},
			"faces": {
				"east": {"uv": [7, 6.5, 9.5, 8], "texture": "#1"},
				"south": {"uv": [3.75, 3.5, 7.5, 5], "texture": "#1"},
				"west": {"uv": [7.5, 0, 10, 1.5], "texture": "#1"},
				"up": {"uv": [3.75, 2.5, 0, 0], "texture": "#1"},
				"down": {"uv": [3.75, 2.5, 0, 5], "texture": "#1"}
			}
		},
		{
			"from": [0.75, 9.6279, -0.0288],
			"to": [15.25, 16.1279, 5.9712],
			"rotation": {"angle": 0, "axis": "y", "origin": [23.99908, 8, 8]},
			"faces": {
				"north": {"uv": [3.75, 0, 7.5, 1.75], "texture": "#1"},
				"east": {"uv": [7.5, 1.5, 9, 3.25], "texture": "#1"},
				"south": {"uv": [3.75, 1.75, 7.5, 3.5], "texture": "#1"},
				"west": {"uv": [7.5, 3.25, 9, 5], "texture": "#1"},
				"up": {"uv": [3.75, 6.5, 0, 5], "texture": "#1"},
				"down": {"uv": [7.5, 5, 3.75, 6.5], "texture": "#1"}
			}
		},
		{
			"from": [1, 9.15516, -1.5242],
			"to": [15, 10.15516, 2.9758],
			"rotation": {"angle": -22.5, "axis": "x", "origin": [7.99913, 8.49998, 1.49825]},
			"faces": {
				"north": {"uv": [7.5, 5, 11, 5.25], "texture": "#1"},
				"east": {"uv": [7.5, 6, 8.75, 6.25], "texture": "#1"},
				"west": {"uv": [7.5, 6.25, 8.75, 6.5], "texture": "#1"},
				"up": {"uv": [3.5, 7.75, 0, 6.5], "texture": "#1"},
				"down": {"uv": [7, 6.5, 3.5, 7.75], "texture": "#1"}
			}
		},
		{
			"from": [2, 8.10344, -2.78104],
			"to": [14, 9.10344, -1.78104],
			"rotation": {"angle": -22.5, "axis": "x", "origin": [7.98182, 8.61972, -1.27385]},
			"faces": {
				"north": {"uv": [7.5, 5.25, 10.5, 5.5], "texture": "#1"},
				"east": {"uv": [0, 7.75, 0.25, 8], "texture": "#1"},
				"west": {"uv": [0.25, 7.75, 0.5, 8], "texture": "#1"},
				"up": {"uv": [10.5, 5.75, 7.5, 5.5], "texture": "#1"},
				"down": {"uv": [10.5, 5.75, 7.5, 6], "texture": "#1"}
			}
		}
	],
	"gui_light": "front",
	"overrides": [
		{
			"predicate": {
				"pulling": 1
			},
			"model": "item/bow_pulling_0"
		},
		{
			"predicate": {
				"pulling": 1,
				"pull": 0.3
			},
			"model": "item/bow_pulling_1"
		},
		{
			"predicate": {
				"pulling": 1,
				"pull": 0.3
			},
			"model": "item/bow_pulling_2"
		}
	],
	"display": {
		"thirdperson_righthand": {
			"rotation": [0, 42, 0],
			"translation": [0, 0, 1],
			"scale": [0.3, 0.3, 0.3]
		},
		"thirdperson_lefthand": {
			"rotation": [74, 0, 0],
			"translation": [-3.5, 0.75, 13.75],
			"scale": [0.3, 0.3, 0.3]
		},
		"firstperson_righthand": {
			"rotation": [0, 111, 0],
			"translation": [0, 0.25, -0.25],
			"scale": [0.4, 0.4, 0.4]
		},
		"firstperson_lefthand": {
			"rotation": [-7, 124, -15],
			"translation": [0.25, 3.25, 0],
			"scale": [0.4, 0.4, 0.4]
		},
		"ground": {
			"translation": [0, 1.25, 0],
			"scale": [0.4, 0.4, 0.4]
		},
		"gui": {
			"rotation": [0, -180, 0],
			"translation": [0, -2, 0],
			"scale": [0.7, 0.7, 1]
		},
		"head": {
			"translation": [0, -0.4, -0.25]
		},
		"fixed": {
			"translation": [0, -1.5, 0.5],
			"scale": [0.7, 0.7, 0.7]
		}
	}
}