{
	"credit": "Made with Blockbench",
	"parent": "./mp18",
	"texture_size": [32, 32],
	"textures": {
		"0": "./mp18",
		"particle": "./mp18"
	},
	"elements": [
		{
			"from": [7.05, 4.27289, 15.05292],
			"to": [8.95, 6.02289, 26.30292],
			"rotation": {"angle": 22.5, "axis": "x", "origin": [7.2, 3.52289, 20.55292]},
			"faces": {
				"east": {"uv": [4, 4, 9.75, 5], "texture": "#0"},
				"south": {"uv": [10.5, 9, 11.5, 10], "texture": "#0"},
				"west": {"uv": [4, 5, 9.75, 6], "texture": "#0"},
				"up": {"uv": [5, 11.75, 4, 6], "texture": "#0"},
				"down": {"uv": [6, 6, 5, 11.75], "texture": "#0"}
			}
		},
		{
			"from": [7.1, 3.76537, 22.65224],
			"to": [8.9, 6.76537, 27.65224],
			"rotation": {"angle": 0, "axis": "y", "origin": [2.4, -0.23463, 19.65224]},
			"faces": {
				"north": {"uv": [7.5, 9, 8.5, 10.5], "texture": "#0"},
				"east": {"uv": [6, 6, 8.5, 7.5], "texture": "#0"},
				"south": {"uv": [2, 10, 3, 11.5], "texture": "#0"},
				"west": {"uv": [6, 7.5, 8.5, 9], "texture": "#0"},
				"up": {"uv": [9.5, 8.5, 8.5, 6], "texture": "#0"}
			}
		},
		{
			"from": [7.1, 4.96537, 20.15224],
			"to": [8.9, 6.96537, 22.65224],
			"rotation": {"angle": 0, "axis": "y", "origin": [8.9, -0.23463, 19.65224]},
			"faces": {
				"east": {"uv": [9.5, 10, 10.75, 11], "texture": "#0"},
				"south": {"uv": [9.5, 11, 10.5, 12], "texture": "#0"},
				"west": {"uv": [10.5, 0, 11.75, 1], "texture": "#0"},
				"up": {"uv": [8.5, 11.75, 7.5, 10.5], "texture": "#0"}
			}
		},
		{
			"from": [7.075, 4.4762, 18.94302],
			"to": [8.925, 6.4762, 21.44302],
			"rotation": {"angle": -22.5, "axis": "x", "origin": [7.15, 3.4762, 19.56802]},
			"faces": {
				"north": {"uv": [11, 10, 12, 11], "texture": "#0"},
				"east": {"uv": [10.5, 1, 11.75, 2], "texture": "#0"},
				"west": {"uv": [10.5, 8, 11.75, 9], "texture": "#0"},
				"up": {"uv": [7, 12.25, 6, 11], "texture": "#0"},
				"down": {"uv": [12, 6, 11, 7.25], "texture": "#0"}
			}
		},
		{
			"from": [7.1, 2.01537, 26.15224],
			"to": [8.9, 3.76537, 27.65224],
			"rotation": {"angle": 0, "axis": "y", "origin": [7.9, -0.23463, 19.65224]},
			"faces": {
				"north": {"uv": [10.5, 11, 11.5, 12], "texture": "#0"},
				"east": {"uv": [12, 5.5, 12.75, 6.5], "texture": "#0"},
				"south": {"uv": [2, 11.5, 3, 12.5], "texture": "#0"},
				"west": {"uv": [12, 6.5, 12.75, 7.5], "texture": "#0"},
				"down": {"uv": [8, 12, 7, 12.75], "texture": "#0"}
			}
		},
		{
			"from": [7.25, 7.5, -6.75],
			"to": [8.75, 9, 14.25],
			"rotation": {"angle": 0, "axis": "y", "origin": [5, 0, 21.5]},
			"faces": {
				"north": {"uv": [11, 12, 11.75, 12.75], "texture": "#0"},
				"east": {"uv": [0, 0, 10.5, 0.75], "texture": "#0"},
				"south": {"uv": [12, 12, 12.75, 12.75], "texture": "#0"},
				"west": {"uv": [0, 1, 10.5, 1.75], "texture": "#0"},
				"up": {"uv": [0.75, 12.5, 0, 2], "texture": "#0"},
				"down": {"uv": [1.75, 2, 1, 12.5], "texture": "#0"}
			}
		},
		{
			"from": [7, 6, 4.5],
			"to": [9, 8, 16.5],
			"rotation": {"angle": 0, "axis": "y", "origin": [7, 0, 21.5]},
			"faces": {
				"north": {"uv": [11.5, 9, 12.5, 10], "texture": "#0"},
				"east": {"uv": [2, 2, 8, 3], "texture": "#0"},
				"south": {"uv": [11.5, 11, 12.5, 12], "texture": "#0"},
				"west": {"uv": [2, 3, 8, 4], "texture": "#0"},
				"up": {"uv": [3, 10, 2, 4], "texture": "#0"},
				"down": {"uv": [4, 4, 3, 10], "texture": "#0"}
			}
		},
		{
			"from": [7, 8, 14.25],
			"to": [9, 9.25, 15.25],
			"rotation": {"angle": 0, "axis": "y", "origin": [7, 0, 21.5]},
			"faces": {
				"north": {"uv": [8, 12, 9, 12.75], "texture": "#0"},
				"east": {"uv": [2, 12.5, 2.5, 13.25], "texture": "#0"},
				"south": {"uv": [12, 8, 13, 8.75], "texture": "#0"},
				"west": {"uv": [2.5, 12.5, 3, 13.25], "texture": "#0"},
				"up": {"uv": [10.5, 8.5, 9.5, 8], "texture": "#0"}
			}
		},
		{
			"from": [7.25, 6.15, 0.75],
			"to": [8.75, 7.15, 1.25],
			"rotation": {"angle": 0, "axis": "y", "origin": [7, 0, 21.5]},
			"faces": {
				"north": {"uv": [0, 15.25, 1, 16], "texture": "#0"},
				"east": {"uv": [0, 15.25, 0.25, 16], "texture": "#0"},
				"south": {"uv": [0, 15.25, 1, 16], "texture": "#0"},
				"west": {"uv": [0, 15.25, 0.25, 16], "texture": "#0"},
				"up": {"uv": [14.25, 0.75, 13.5, 0.5], "texture": "#0"},
				"down": {"uv": [1.75, 13.5, 1, 13.75], "texture": "#0"}
			}
		},
		{
			"from": [7.25, 2.65, 21.5],
			"to": [8.75, 3.65, 22],
			"rotation": {"angle": 0, "axis": "y", "origin": [7, 0, 21.5]},
			"faces": {
				"north": {"uv": [0, 15.25, 1, 16], "texture": "#0"},
				"east": {"uv": [0, 15.25, 0.25, 16], "texture": "#0"},
				"south": {"uv": [0, 15.25, 1, 16], "texture": "#0"},
				"west": {"uv": [0, 15.25, 0.25, 16], "texture": "#0"},
				"up": {"uv": [14.25, 0.75, 13.5, 0.5], "texture": "#0"},
				"down": {"uv": [14.25, 1.5, 13.5, 1.75], "texture": "#0"}
			}
		},
		{
			"from": [7.75, 6.5, 3.5],
			"to": [8.25, 7.5, 4.5],
			"rotation": {"angle": 0, "axis": "y", "origin": [7, 0, 21.5]},
			"faces": {
				"north": {"uv": [13.5, 6.5, 13.75, 7], "texture": "#0"},
				"east": {"uv": [11, 13, 11.5, 13.5], "texture": "#0"},
				"west": {"uv": [13, 11, 13.5, 11.5], "texture": "#0"},
				"down": {"uv": [13.75, 7, 13.5, 7.5], "texture": "#0"}
			}
		},
		{
			"from": [7.75, 7, 0.5],
			"to": [8.25, 7.5, 1.5],
			"rotation": {"angle": 0, "axis": "y", "origin": [7, 0, 21.5]},
			"faces": {
				"north": {"uv": [14, 2.5, 14.25, 2.75], "texture": "#0"},
				"east": {"uv": [13.5, 7.5, 14, 7.75], "texture": "#0"},
				"south": {"uv": [14, 3, 14.25, 3.25], "texture": "#0"},
				"west": {"uv": [13.5, 8, 14, 8.25], "texture": "#0"},
				"down": {"uv": [8.75, 13.5, 8.5, 14], "texture": "#0"}
			}
		},
		{
			"from": [7.75, 3.55, 21.2],
			"to": [8.25, 4.05, 22.2],
			"rotation": {"angle": 0, "axis": "y", "origin": [8, 3.7, 21]},
			"faces": {
				"north": {"uv": [14, 3.5, 14.25, 3.75], "texture": "#0"},
				"east": {"uv": [13.5, 8.5, 14, 8.75], "texture": "#0"},
				"south": {"uv": [14, 4, 14.25, 4.25], "texture": "#0"},
				"west": {"uv": [9, 13.5, 9.5, 13.75], "texture": "#0"},
				"down": {"uv": [13.75, 9, 13.5, 9.5], "texture": "#0"}
			}
		},
		{
			"from": [7.75, 8, 15.25],
			"to": [8.25, 9, 15.75],
			"rotation": {"angle": 0, "axis": "y", "origin": [7, 0, 21.5]},
			"faces": {
				"north": {"uv": [9.5, 13.5, 9.75, 14], "texture": "#0"},
				"east": {"uv": [13.5, 9.5, 13.75, 10], "texture": "#0"},
				"south": {"uv": [10, 13.5, 10.25, 14], "texture": "#0"},
				"west": {"uv": [13.5, 10, 13.75, 10.5], "texture": "#0"},
				"up": {"uv": [14.25, 4.75, 14, 4.5], "texture": "#0"}
			}
		},
		{
			"from": [7.25, 8, 15.75],
			"to": [8.75, 8.25, 16.5],
			"rotation": {"angle": 0, "axis": "y", "origin": [7, 0, 21.5]},
			"faces": {
				"north": {"uv": [2, 13.5, 2.75, 13.75], "texture": "#0"},
				"east": {"uv": [10.5, 13.5, 11, 13.75], "texture": "#0"},
				"south": {"uv": [13.5, 2, 14.25, 2.25], "texture": "#0"},
				"west": {"uv": [11, 13.5, 11.5, 13.75], "texture": "#0"},
				"up": {"uv": [13.25, 10, 12.5, 9.5], "texture": "#0"}
			}
		},
		{
			"from": [6.75, 7.6, 1.75],
			"to": [7.25, 8.85, 4.25],
			"rotation": {"angle": 0, "axis": "y", "origin": [7, -0.15, 21.25]},
			"faces": {
				"north": {"uv": [13.5, 2.5, 13.75, 3.25], "texture": "#0"},
				"south": {"uv": [3, 13.5, 3.25, 14.25], "texture": "#0"},
				"west": {"uv": [12, 0, 13.25, 0.75], "texture": "#0"},
				"up": {"uv": [13.25, 8.75, 13, 7.5], "texture": "#0"},
				"down": {"uv": [8.25, 13, 8, 14.25], "texture": "#0"}
			}
		},
		{
			"from": [5.75, 7.6, 1.75],
			"to": [6.75, 8.85, 2.75],
			"rotation": {"angle": 0, "axis": "y", "origin": [7, -0.15, 21.25]},
			"faces": {
				"north": {"uv": [10, 12.5, 10.5, 13.25], "texture": "#0"},
				"south": {"uv": [12.5, 11, 13, 11.75], "texture": "#0"},
				"west": {"uv": [13, 3, 13.5, 3.75], "texture": "#0"},
				"up": {"uv": [12, 13.5, 11.5, 13], "texture": "#0"},
				"down": {"uv": [13.5, 11.5, 13, 12], "texture": "#0"}
			}
		},
		{
			"from": [8.75, 8, 6],
			"to": [10.75, 8.5, 6.5],
			"rotation": {"angle": 0, "axis": "y", "origin": [7, 0, 21.5]},
			"faces": {
				"north": {"uv": [12, 13, 13, 13.25], "texture": "#0"},
				"east": {"uv": [5, 14, 5.25, 14.25], "texture": "#0"},
				"south": {"uv": [13, 12, 14, 12.25], "texture": "#0"},
				"up": {"uv": [14, 12.75, 13, 12.5], "texture": "#0"},
				"down": {"uv": [14, 13, 13, 13.25], "texture": "#0"}
			}
		},
		{
			"from": [4.25, 7.625, 2.25],
			"to": [7.75, 8.825, 3.75],
			"rotation": {"angle": 22.5, "axis": "y", "origin": [6.5, 8.1, 3]},
			"faces": {
				"north": {"uv": [8, 3.5, 9.75, 4], "texture": "#0"},
				"south": {"uv": [11, 7.5, 12.75, 8], "texture": "#0"},
				"west": {"uv": [4, 13, 4.75, 13.5], "texture": "#0"},
				"up": {"uv": [11.75, 2.75, 10, 2], "texture": "#0"},
				"down": {"uv": [11.75, 3, 10, 3.75], "texture": "#0"}
			}
		},
		{
			"from": [2.425, 7.725, 2.1],
			"to": [4.925, 8.725, 3.4],
			"rotation": {"angle": 22.5, "axis": "y", "origin": [7.175, 8.225, 2.75]},
			"faces": {
				"north": {"uv": [9, 12, 10.25, 12.5], "texture": "#0"},
				"south": {"uv": [12, 10, 13.25, 10.5], "texture": "#0"},
				"west": {"uv": [13, 4, 13.75, 4.5], "texture": "#0"},
				"up": {"uv": [13.25, 1.75, 12, 1], "texture": "#0"},
				"down": {"uv": [13.25, 2, 12, 2.75], "texture": "#0"}
			}
		},
		{
			"from": [1.91957, 7.725, 4.24198],
			"to": [3.21957, 8.725, 5.74198],
			"rotation": {"angle": -22.5, "axis": "y", "origin": [4.56957, 8.225, 4.99198]},
			"faces": {
				"north": {"uv": [13, 5.5, 13.75, 6], "texture": "#0"},
				"south": {"uv": [6, 13, 6.75, 13.5], "texture": "#0"},
				"west": {"uv": [13, 6, 13.75, 6.5], "texture": "#0"},
				"up": {"uv": [0.75, 13.25, 0, 12.5], "texture": "#0"},
				"down": {"uv": [1.75, 12.5, 1, 13.25], "texture": "#0"}
			}
		},
		{
			"from": [-0.80977, 8.225, 2.86876],
			"to": [2.69023, 10.725, 4.36876],
			"rotation": {"angle": -22.5, "axis": "y", "origin": [1.19023, 9.325, 3.61878]},
			"faces": {
				"north": {"uv": [8, 2, 9.75, 3.25], "texture": "#0"},
				"east": {"uv": [3, 12, 3.75, 13.25], "texture": "#0"},
				"south": {"uv": [8.5, 8.5, 10.25, 9.75], "texture": "#0"},
				"west": {"uv": [12, 3, 12.75, 4.25], "texture": "#0"},
				"up": {"uv": [11.75, 4.75, 10, 4], "texture": "#0"},
				"down": {"uv": [11.75, 5, 10, 5.75], "texture": "#0"}
			}
		},
		{
			"from": [-0.30977, 7.725, 2.8938],
			"to": [2.19023, 11.225, 4.3438],
			"rotation": {"angle": -22.5, "axis": "y", "origin": [1.19023, 9.325, 3.61878]},
			"faces": {
				"north": {"uv": [6, 9, 7.25, 10.75], "texture": "#0"},
				"east": {"uv": [3, 10, 3.75, 11.75], "texture": "#0"},
				"south": {"uv": [9.5, 6, 10.75, 7.75], "texture": "#0"},
				"west": {"uv": [8.5, 10, 9.25, 11.75], "texture": "#0"},
				"up": {"uv": [5.25, 12.75, 4, 12], "texture": "#0"},
				"down": {"uv": [13.25, 4.5, 12, 5.25], "texture": "#0"}
			}
		},
		{
			"from": [7.5, 9, 8.75],
			"to": [8.5, 9.25, 10.75],
			"rotation": {"angle": 0, "axis": "y", "origin": [7, 0, 21.5]},
			"faces": {
				"north": {"uv": [13.5, 11, 14, 11.25], "texture": "#0"},
				"east": {"uv": [0, 13.5, 1, 13.75], "texture": "#0"},
				"south": {"uv": [11.5, 13.5, 12, 13.75], "texture": "#0"},
				"west": {"uv": [13.5, 0, 14.5, 0.25], "texture": "#0"},
				"up": {"uv": [7.5, 12, 7, 11], "texture": "#0"}
			}
		},
		{
			"from": [7.5, 9, -6.25],
			"to": [8.5, 9.25, -6],
			"rotation": {"angle": 0, "axis": "y", "origin": [7, 0, 21.5]},
			"faces": {
				"north": {"uv": [13.5, 11.5, 14, 11.75], "texture": "#0"},
				"east": {"uv": [14, 5, 14.25, 5.25], "texture": "#0"},
				"south": {"uv": [12, 13.5, 12.5, 13.75], "texture": "#0"},
				"west": {"uv": [5.5, 14, 5.75, 14.25], "texture": "#0"},
				"up": {"uv": [13, 13.75, 12.5, 13.5], "texture": "#0"}
			}
		},
		{
			"from": [7.875, 9.25, -6.25],
			"to": [8.125, 9.75, -6],
			"rotation": {"angle": 0, "axis": "y", "origin": [6.875, 0, 21.5]},
			"faces": {
				"north": {"uv": [14, 5.5, 14.25, 5.75], "texture": "#0"},
				"east": {"uv": [6, 14, 6.25, 14.25], "texture": "#0"},
				"south": {"uv": [14, 6, 14.25, 6.25], "texture": "#0"},
				"west": {"uv": [6.5, 14, 6.75, 14.25], "texture": "#0"},
				"up": {"uv": [14.25, 6.75, 14, 6.5], "texture": "#0"}
			}
		},
		{
			"from": [8.225, 9.25, 10.25],
			"to": [8.475, 9.75, 10.5],
			"rotation": {"angle": 0, "axis": "y", "origin": [6.875, 0, 21.5]},
			"faces": {
				"north": {"uv": [7, 14, 7.25, 14.25], "texture": "#0"},
				"east": {"uv": [14, 7, 14.25, 7.25], "texture": "#0"},
				"south": {"uv": [7.5, 14, 7.75, 14.25], "texture": "#0"},
				"west": {"uv": [14, 7.5, 14.25, 7.75], "texture": "#0"},
				"up": {"uv": [14.25, 8.25, 14, 8], "texture": "#0"}
			}
		},
		{
			"from": [7.725, 9.25, 10.25],
			"to": [8.225, 9.5, 10.5],
			"rotation": {"angle": 0, "axis": "y", "origin": [6.875, 0, 21.5]},
			"faces": {
				"north": {"uv": [8.5, 14, 8.75, 14.25], "texture": "#0"},
				"east": {"uv": [14, 8.5, 14.25, 8.75], "texture": "#0"},
				"south": {"uv": [9, 14, 9.25, 14.25], "texture": "#0"},
				"west": {"uv": [14, 9, 14.25, 9.25], "texture": "#0"},
				"up": {"uv": [9.75, 14.25, 9.5, 14], "texture": "#0"}
			}
		},
		{
			"from": [7.475, 9.25, 10.25],
			"to": [7.725, 9.75, 10.5],
			"rotation": {"angle": 0, "axis": "y", "origin": [6.875, 0, 21.5]},
			"faces": {
				"north": {"uv": [14, 9.5, 14.25, 9.75], "texture": "#0"},
				"east": {"uv": [10, 14, 10.25, 14.25], "texture": "#0"},
				"south": {"uv": [14, 10, 14.25, 10.25], "texture": "#0"},
				"west": {"uv": [10.5, 14, 10.75, 14.25], "texture": "#0"},
				"up": {"uv": [11.25, 14.25, 11, 14], "texture": "#0"}
			}
		},
		{
			"from": [7.5, 4.75, 15.25],
			"to": [8.5, 6, 15.75],
			"rotation": {"angle": 0, "axis": "y", "origin": [9, 0, 21.5]},
			"faces": {
				"north": {"uv": [5, 13, 5.5, 13.75], "texture": "#0"},
				"east": {"uv": [3.5, 13.5, 3.75, 14.25], "texture": "#0"},
				"south": {"uv": [13, 6.5, 13.5, 7.25], "texture": "#0"},
				"west": {"uv": [4, 13.5, 4.25, 14.25], "texture": "#0"},
				"down": {"uv": [13.5, 13.5, 13, 13.75], "texture": "#0"}
			}
		},
		{
			"from": [7.75, 5.25, 14.45],
			"to": [8.25, 6, 14.95],
			"rotation": {"angle": 0, "axis": "y", "origin": [7.25, 0, 21.5]},
			"faces": {
				"north": {"uv": [13.5, 13.5, 13.75, 14], "texture": "#0"},
				"east": {"uv": [0, 14, 0.25, 14.5], "texture": "#0"},
				"south": {"uv": [0.5, 14, 0.75, 14.5], "texture": "#0"},
				"west": {"uv": [1, 14, 1.25, 14.5], "texture": "#0"},
				"down": {"uv": [14.25, 11, 14, 11.25], "texture": "#0"}
			}
		},
		{
			"from": [7.5, 4.25, 13.25],
			"to": [8.5, 4.75, 15.5],
			"rotation": {"angle": 0, "axis": "y", "origin": [9, 0, 21.5]},
			"faces": {
				"north": {"uv": [1.5, 14, 2, 14.25], "texture": "#0"},
				"east": {"uv": [8.5, 13, 9.75, 13.25], "texture": "#0"},
				"south": {"uv": [2, 14, 2.5, 14.25], "texture": "#0"},
				"west": {"uv": [13, 10.5, 14.25, 10.75], "texture": "#0"},
				"up": {"uv": [6, 13.25, 5.5, 12], "texture": "#0"},
				"down": {"uv": [11, 12, 10.5, 13.25], "texture": "#0"}
			}
		},
		{
			"from": [7.5, 4.75, 13],
			"to": [8.5, 6, 13.5],
			"rotation": {"angle": 0, "axis": "y", "origin": [9, 0, 21.5]},
			"faces": {
				"north": {"uv": [7, 13, 7.5, 13.75], "texture": "#0"},
				"east": {"uv": [4.5, 13.5, 4.75, 14.25], "texture": "#0"},
				"south": {"uv": [7.5, 13, 8, 13.75], "texture": "#0"},
				"west": {"uv": [13.5, 4.5, 13.75, 5.25], "texture": "#0"},
				"down": {"uv": [3, 14, 2.5, 14.25], "texture": "#0"}
			}
		}
	],
	"display": {
		"thirdperson_righthand": {
			"rotation": [0, -14, 0],
			"translation": [-1.25, 1.6, -4.75],
			"scale": [0.8, 0.8, 0.65]
		},
		"firstperson_righthand": {
			"rotation": [5, -17.5, 17],
			"translation": [10.25, 3.8, -1.5],
			"scale": [1, 1, 0.9]
		}
	}
}