{
	"credit": "Made with Blockbench",
	"parent": "builtin/entity",
	"gui_light": "front",
	"display": {
		"thirdperson_righthand": {
			"rotation": [0, 90, 0],
			"translation": [10.01, 6.5, -4],
			"scale": [1.01, 1.01, 1.01]
		},
		"thirdperson_lefthand": {
			"rotation": [0, 90, 0],
			"translation": [10.01, 6.5, 12],
			"scale": [1.01, 1.01, 1.01]
		},
		"firstperson_righthand": {
			"rotation": [0, 180, 5],
			"translation": [-10, 2, -10],
			"scale": [1.25, 1.25, 1.25]
		},
		"firstperson_lefthand": {
			"rotation": [0, 180, 5],
			"translation": [10, 0, -10],
			"scale": [1.25, 1.25, 1.25]
		},
		"ground": {
			"rotation": [-18, 0, 0],
			"translation": [4, 12, 4],
			"scale": [0.7, 0.7, 0.7]
		},
		"gui": {
			"translation": [5.5, 6, 0],
			"scale": [0.7, 0.7, 0.7]
		},
		"fixed": {
			"rotation": [0, 180, 0],
			"translation": [-5.5, 5.5, -5],
			"scale": [0.7, 0.7, 0.7]
        }
    },
    "overrides": [
        {
            "predicate": {
                "blocking": 1
            },
            "model": "item/shield_blocking"
        }
    ]
}
