{
	"credit": "Made with Blockbench",
	"texture_size": [64, 64],
	"textures": {
		"0": "fluffcord:item/danila_hat",
		"particle": "fluffcord:item/danila_hat"
	},
	"elements": [
		{
			"name": "base",
			"from": [2.5, 7, 2.5],
			"to": [13.5, 8, 13.5],
			"rotation": {"angle": 0, "axis": "y", "origin": [0, 1, 0]},
			"faces": {
				"north": {"uv": [3.75, 2.75, 6.5, 3], "texture": "#0"},
				"east": {"uv": [0, 2.75, 2.75, 3], "texture": "#0"},
				"south": {"uv": [11.25, 2.75, 14, 3], "texture": "#0"},
				"west": {"uv": [7.5, 2.75, 10.25, 3], "texture": "#0"},
				"up": {"uv": [6.5, 2.75, 3.75, 0], "texture": "#0"},
				"down": {"uv": [11.25, 0, 8.5, 2.75], "texture": "#0"}
			}
		},
		{
			"name": "rim left",
			"from": [-1.5, 7, 2.5],
			"to": [2.5, 8, 13.5],
			"rotation": {"angle": -22.5, "axis": "z", "origin": [2.5, 7, 8]},
			"faces": {
				"north": {"uv": [6.5, 2.75, 7.5, 3], "texture": "#0"},
				"east": {"uv": [0, 2.75, 2.75, 3], "texture": "#0"},
				"south": {"uv": [10.25, 2.75, 11.25, 3], "texture": "#0"},
				"west": {"uv": [7.5, 2.75, 10.25, 3], "texture": "#0"},
				"up": {"uv": [7.5, 2.75, 6.5, 0], "texture": "#0"},
				"down": {"uv": [12.25, 0, 11.25, 2.75], "texture": "#0"}
			}
		},
		{
			"name": "rim right",
			"from": [13.5, 7, 2.5],
			"to": [17.5, 8, 13.5],
			"rotation": {"angle": 22.5, "axis": "z", "origin": [13.5, 7, 8]},
			"faces": {
				"north": {"uv": [2.75, 2.75, 3.75, 3], "texture": "#0"},
				"east": {"uv": [0, 2.75, 2.75, 3], "texture": "#0"},
				"south": {"uv": [14, 2.75, 15, 3], "texture": "#0"},
				"west": {"uv": [7.5, 2.75, 10.25, 3], "texture": "#0"},
				"up": {"uv": [3.75, 2.75, 2.75, 0], "texture": "#0"},
				"down": {"uv": [8.5, 0, 7.5, 2.75], "texture": "#0"}
			}
		},
		{
			"name": "body",
			"from": [3.5, 8, 3.5],
			"to": [12.5, 13, 12.5],
			"rotation": {"angle": 0, "axis": "y", "origin": [0, 1, 0]},
			"faces": {
				"north": {"uv": [2.25, 5.25, 4.5, 6.5], "texture": "#0"},
				"east": {"uv": [0, 5.25, 2.25, 6.5], "texture": "#0"},
				"south": {"uv": [6.75, 5.25, 9, 6.5], "texture": "#0"},
				"west": {"uv": [4.5, 5.25, 6.75, 6.5], "texture": "#0"},
				"up": {"uv": [4.5, 5.25, 2.25, 3], "texture": "#0"}
			}
		},
		{
			"name": "badge 1",
			"from": [6.25, 10.25, 3],
			"to": [9.75, 12.25, 3.5],
			"rotation": {"angle": 0, "axis": "y", "origin": [6.5, 9, 2.5]},
			"faces": {
				"north": {"uv": [0, 0, 1.75, 1], "texture": "#0"},
				"east": {"uv": [0, 0, 0.25, 1], "texture": "#0"},
				"west": {"uv": [1.5, 0, 1.75, 1], "texture": "#0"},
				"up": {"uv": [1.75, 0.25, 0, 0], "texture": "#0"},
				"down": {"uv": [1.75, 0.75, 0, 1], "texture": "#0"}
			}
		},
		{
			"name": "badge 2",
			"from": [6.75, 8.75, 3],
			"to": [9.25, 10.25, 3.5],
			"rotation": {"angle": 0, "axis": "y", "origin": [6.5, 9, 2.5]},
			"faces": {
				"north": {"uv": [0.25, 1, 1.5, 1.75], "texture": "#0"},
				"east": {"uv": [0.25, 1, 0.5, 1.75], "texture": "#0"},
				"west": {"uv": [1.25, 1, 1.5, 1.75], "texture": "#0"},
				"up": {"uv": [1.5, 1, 0.25, 1.25], "texture": "#0"},
				"down": {"uv": [1.5, 1.5, 0.25, 1.75], "texture": "#0"}
			}
		}
	],
	"display": {
		"thirdperson_righthand": {
			"translation": [0, 1, 0],
			"scale": [0.375, 0.375, 0.375]
		},
		"thirdperson_lefthand": {
			"translation": [0, 1, 0],
			"scale": [0.375, 0.375, 0.375]
		},
		"firstperson_righthand": {
			"rotation": [0, 0, 25],
			"translation": [1.13, 3.2, 1.13],
			"scale": [0.68, 0.68, 0.68]
		},
		"firstperson_lefthand": {
			"rotation": [0, 0, 25],
			"translation": [1.13, 3.2, 1.13],
			"scale": [0.68, 0.68, 0.68]
		},
		"ground": {
			"scale": [0.5, 0.5, 0.5]
		},
		"gui": {
			"rotation": [30, 225, 0],
			"translation": [0, -0.75, 0],
			"scale": [0.7, 0.7, 0.7]
		},
		"head": {
			"translation": [0, 6.4, 0],
			"scale": [1.6, 1.6, 1.6]
		},
		"fixed": {
			"translation": [0, -1.5, 0]
		}
	}
}