{
	"credit": "Made with Blockbench",
	"texture_size": [64, 64],
	"textures": {
		"0": "fluffcord:item/niko_hat",
		"particle": "fluffcord:item/niko_hat"
	},
	"elements": [
		{
			"name": "rim",
			"from": [1, 5, 1],
			"to": [15, 6, 15],
			"faces": {
				"north": {"uv": [4.5, 3.5, 8, 3.75], "texture": "#0"},
				"east": {"uv": [1, 3.5, 4.5, 3.75], "texture": "#0"},
				"south": {"uv": [11.5, 3.5, 15, 3.75], "texture": "#0"},
				"west": {"uv": [8, 3.5, 11.5, 3.75], "texture": "#0"},
				"up": {"uv": [8, 3.5, 4.5, 0], "texture": "#0"},
				"down": {"uv": [11.5, 0, 8, 3.5], "texture": "#0"}
			}
		},
		{
			"name": "main",
			"from": [3, 6, 3],
			"to": [13, 9, 13],
			"faces": {
				"north": {"uv": [5.5, 6.25, 8, 7], "texture": "#0"},
				"east": {"uv": [3, 6.25, 5.5, 7], "texture": "#0"},
				"south": {"uv": [10.5, 6.25, 13, 7], "texture": "#0"},
				"west": {"uv": [8, 6.25, 10.5, 7], "texture": "#0"},
				"up": {"uv": [8, 6.25, 5.5, 3.75], "texture": "#0"},
				"down": {"uv": [10.5, 3.75, 8, 6.25], "texture": "#0"}
			}
		},
		{
			"name": "ear left",
			"from": [1.75, 6.25, 5],
			"to": [6.75, 11.25, 11],
			"rotation": {"angle": 22.5, "axis": "z", "origin": [4.25, 9.25, 8]},
			"faces": {
				"north": {"uv": [9.5, 8.5, 10.75, 9.75], "texture": "#0"},
				"east": {"uv": [8, 8.5, 9.5, 9.75], "texture": "#0"},
				"south": {"uv": [12.25, 8.5, 13.5, 9.75], "texture": "#0"},
				"west": {"uv": [10.75, 8.5, 12.25, 9.75], "texture": "#0"},
				"up": {"uv": [10.75, 8.5, 9.5, 7], "texture": "#0"},
				"down": {"uv": [12, 7, 10.75, 8.5], "texture": "#0"}
			}
		},
		{
			"name": "ear right",
			"from": [9.25, 6.25, 5],
			"to": [14.25, 11.25, 11],
			"rotation": {"angle": -22.5, "axis": "z", "origin": [11.75, 9.25, 8]},
			"faces": {
				"north": {"uv": [4, 8.5, 5.25, 9.75], "texture": "#0"},
				"east": {"uv": [2.5, 8.5, 4, 9.75], "texture": "#0"},
				"south": {"uv": [6.75, 8.5, 8, 9.75], "texture": "#0"},
				"west": {"uv": [5.25, 8.5, 6.75, 9.75], "texture": "#0"},
				"up": {"uv": [5.25, 8.5, 4, 7], "texture": "#0"},
				"down": {"uv": [6.5, 7, 5.25, 8.5], "texture": "#0"}
			}
		}
	],
	"display": {
		"thirdperson_righthand": {
			"translation": [0, 0, -1],
			"scale": [0.55, 0.55, 0.55]
		},
		"thirdperson_lefthand": {
			"translation": [0, 0, -1],
			"scale": [0.55, 0.55, 0.55]
		},
		"firstperson_righthand": {
			"rotation": [0, 0, 25],
			"translation": [2, 3.2, 1.13],
			"scale": [0.68, 0.68, 0.68]
		},
		"firstperson_lefthand": {
			"rotation": [0, 0, 25],
			"translation": [2, 3.2, 1.13],
			"scale": [0.68, 0.68, 0.68]
		},
		"ground": {
			"scale": [0.5, 0.5, 0.5]
		},
		"gui": {
			"rotation": [30, 225, 0],
			"scale": [0.625, 0.625, 0.625]
		},
		"head": {
			"translation": [0, 6.4, 0],
			"scale": [1.6, 1.6, 1.6]
		}
	}
}