{
	"credit": "Made with Blockbench",
	"textures": {
		"0": "fluffcord:item/toki_pona_emitters",
		"particle": "fluffcord:item/toki_pona_emitters"
	},
	"elements": [
		{
			"name": "left",
			"from": [7.5, 10, 7.5],
			"to": [8.5, 14, 8.5],
			"rotation": {"angle": 22.5, "axis": "z", "origin": [8, 4, 8]},
			"faces": {
				"north": {"uv": [2, 0, 3, 4], "texture": "#0"},
				"east": {"uv": [2, 0, 3, 4], "texture": "#0"},
				"south": {"uv": [2, 0, 3, 4], "texture": "#0"},
				"west": {"uv": [2, 0, 3, 4], "texture": "#0"},
				"up": {"uv": [2, 0, 3, 1], "texture": "#0"},
				"down": {"uv": [2, 3, 3, 4], "texture": "#0"}
			}
		},
		{
			"name": "middle",
			"from": [7.5, 10, 7.5],
			"to": [8.5, 14, 8.5],
			"rotation": {"angle": 0, "axis": "z", "origin": [8, 4, 8]},
			"faces": {
				"north": {"uv": [1, 0, 2, 4], "texture": "#0"},
				"east": {"uv": [1, 0, 2, 4], "texture": "#0"},
				"south": {"uv": [1, 0, 2, 4], "texture": "#0"},
				"west": {"uv": [1, 0, 2, 4], "texture": "#0"},
				"up": {"uv": [1, 0, 2, 1], "texture": "#0"},
				"down": {"uv": [1, 3, 2, 4], "texture": "#0"}
			}
		},
		{
			"name": "right",
			"from": [7.5, 10, 7.5],
			"to": [8.5, 14, 8.5],
			"rotation": {"angle": -22.5, "axis": "z", "origin": [8, 4, 8]},
			"faces": {
				"north": {"uv": [0, 0, 1, 4], "texture": "#0"},
				"east": {"uv": [0, 0, 1, 4], "texture": "#0"},
				"south": {"uv": [0, 0, 1, 4], "texture": "#0"},
				"west": {"uv": [0, 0, 1, 4], "texture": "#0"},
				"up": {"uv": [0, 0, 1, 1], "texture": "#0"},
				"down": {"uv": [0, 3, 1, 4], "texture": "#0"}
			}
		}
	],
	"gui_light": "front",
	"display": {
		"thirdperson_righthand": {
			"translation": [0, -2, -0.5],
			"scale": [0.55, 0.55, 0.55]
		},
		"thirdperson_lefthand": {
			"translation": [0, -2, -0.5],
			"scale": [0.55, 0.55, 0.55]
		},
		"firstperson_righthand": {
			"rotation": [0, 0, 25],
			"translation": [1.13, 2.2, 1.13],
			"scale": [0.68, 0.68, 0.68]
		},
		"firstperson_lefthand": {
			"rotation": [0, 0, 25],
			"translation": [1.13, 2.2, 1.13],
			"scale": [0.68, 0.68, 0.68]
		},
		"ground": {
			"translation": [0, -4, 0]
		},
		"gui": {
			"translation": [0, -4, 0],
			"scale": [1.5, 1.5, 1.5]
		},
		"head": {
			"translation": [0, 6.4, 0],
			"scale": [1.6, 1.6, 1.6]
		},
		"fixed": {
			"translation": [0, -4, 0],
			"scale": [1.5, 1.5, 1.5]
		}
	}
}