{
	"credit": "Made with Blockbench",
	"parent": "./flamethrower",
	"texture_size": [64, 64],
	"textures": {
		"1": "./flamethrower"
	},
	"elements": [
		{
			"from": [7, 11, -8],
			"to": [9, 13, 32],
			"rotation": {"angle": 0, "axis": "y", "origin": [7, 0, 0]},
			"faces": {
				"north": {"uv": [2.25, 5, 2.75, 5.5], "texture": "#1"},
				"east": {"uv": [0, 0, 10, 0.5], "texture": "#1"},
				"south": {"uv": [5, 2.25, 5.5, 2.75], "texture": "#1"},
				"west": {"uv": [0, 0.5, 10, 1], "texture": "#1"},
				"up": {"uv": [0.5, 11, 0, 1], "texture": "#1"},
				"down": {"uv": [1, 1, 0.5, 11], "texture": "#1"}
			}
		},
		{
			"from": [9.25, 11.5, 28.5],
			"to": [10.25, 18.5, 29.5],
			"rotation": {"angle": 0, "axis": "x", "origin": [9.75, 12, 22]},
			"faces": {
				"north": {"uv": [3.5, 2.75, 3.75, 4.5], "texture": "#1"},
				"east": {"uv": [3.75, 2.75, 4, 4.5], "texture": "#1"},
				"south": {"uv": [4, 2, 4.25, 3.75], "texture": "#1"},
				"west": {"uv": [4, 3.75, 4.25, 5.5], "texture": "#1"},
				"up": {"uv": [3.5, 4.5, 3.25, 4.25], "texture": "#1"},
				"down": {"uv": [4, 4.5, 3.75, 4.75], "texture": "#1"}
			}
		},
		{
			"from": [7.25, 11.25, -16],
			"to": [8.75, 12.75, -14],
			"rotation": {"angle": 0, "axis": "y", "origin": [7, 0, 0]},
			"faces": {
				"north": {"uv": [4.75, 5, 5.125, 5.375], "texture": "#1"},
				"east": {"uv": [2.75, 5, 3.25, 5.375], "texture": "#1"},
				"west": {"uv": [5, 2.75, 5.5, 3.125], "texture": "#1"},
				"up": {"uv": [4.625, 5.5, 4.25, 5], "texture": "#1"},
				"down": {"uv": [5.375, 4.25, 5, 4.75], "texture": "#1"}
			}
		},
		{
			"from": [6.75, 10.75, -14],
			"to": [9.25, 13.25, -8],
			"rotation": {"angle": 0, "axis": "y", "origin": [7, 0, 0]},
			"faces": {
				"north": {"uv": [1, 4.25, 1.625, 4.875], "texture": "#1"},
				"east": {"uv": [1, 2, 2.5, 2.625], "texture": "#1"},
				"south": {"uv": [4.25, 1, 4.875, 1.625], "texture": "#1"},
				"west": {"uv": [2.5, 2, 4, 2.625], "texture": "#1"},
				"up": {"uv": [1.625, 4.25, 1, 2.75], "texture": "#1"},
				"down": {"uv": [2.375, 2.75, 1.75, 4.25], "texture": "#1"}
			}
		},
		{
			"from": [6.75, 10.75, -5],
			"to": [9.25, 13.25, -3],
			"rotation": {"angle": 0, "axis": "y", "origin": [7, 0, 0]},
			"faces": {
				"north": {"uv": [1.75, 4.25, 2.375, 4.875], "texture": "#1"},
				"east": {"uv": [4.25, 3.75, 4.75, 4.375], "texture": "#1"},
				"south": {"uv": [4.25, 1.75, 4.875, 2.375], "texture": "#1"},
				"west": {"uv": [3.25, 4.5, 3.75, 5.125], "texture": "#1"},
				"up": {"uv": [4.875, 5, 4.25, 4.5], "texture": "#1"},
				"down": {"uv": [5.375, 3.75, 4.75, 4.25], "texture": "#1"}
			}
		},
		{
			"from": [6.75, 10.75, 28],
			"to": [9.25, 13.25, 30],
			"rotation": {"angle": 0, "axis": "y", "origin": [7, 0, 0]},
			"faces": {
				"north": {"uv": [2.5, 4.25, 3.125, 4.875], "texture": "#1"},
				"east": {"uv": [1, 5, 1.5, 5.625], "texture": "#1"},
				"south": {"uv": [4.25, 2.5, 4.875, 3.125], "texture": "#1"},
				"west": {"uv": [5, 1, 5.5, 1.625], "texture": "#1"},
				"up": {"uv": [2.125, 5.5, 1.5, 5], "texture": "#1"},
				"down": {"uv": [5.625, 1.75, 5, 2.25], "texture": "#1"}
			}
		},
		{
			"from": [1.75, 11.75, -4.75],
			"to": [14.25, 12.25, -3.25],
			"rotation": {"angle": 0, "axis": "y", "origin": [7, 0, 0]},
			"faces": {
				"north": {"uv": [4.25, 3.25, 7.375, 3.375], "texture": "#1"},
				"east": {"uv": [5.5, 1, 5.875, 1.125], "texture": "#1"},
				"south": {"uv": [4.25, 3.5, 7.375, 3.625], "texture": "#1"},
				"west": {"uv": [5.5, 1.25, 5.875, 1.375], "texture": "#1"},
				"up": {"uv": [4.125, 1.375, 1, 1], "texture": "#1"},
				"down": {"uv": [4.125, 1.5, 1, 1.875], "texture": "#1"}
			}
		},
		{
			"from": [7.25, 13.5, -3.85],
			"to": [10.75, 14, -1.35],
			"rotation": {"angle": -22.5, "axis": "x", "origin": [9, 13.5, -2.6]},
			"faces": {
				"north": {"uv": [5, 4.75, 5.875, 4.875], "texture": "#1"},
				"east": {"uv": [3.25, 5.25, 3.875, 5.375], "texture": "#1"},
				"south": {"uv": [5.25, 5, 6.125, 5.125], "texture": "#1"},
				"west": {"uv": [5.25, 5.25, 5.875, 5.375], "texture": "#1"},
				"up": {"uv": [3.375, 3.375, 2.5, 2.75], "texture": "#1"},
				"down": {"uv": [3.375, 3.5, 2.5, 4.125], "texture": "#1"}
			}
		}
	],
	"display": {
		"thirdperson_righthand": {
			"rotation": [0, -6, 0],
			"translation": [-3, -4.25, -7.5],
			"scale": [0.7, 0.7, 0.7]
		},
		"firstperson_righthand": {
			"rotation": [23, 12, 25],
			"translation": [3, -2.75, -4.75]
		}
	}
}