{
	"credit": "Made with Blockbench",
	"texture_size": [64, 32],
	"textures": {
		"0": "fluffcord:item/ralsei_hat",
		"particle": "fluffcord:item/ralsei_hat"
	},
	"elements": [
		{
			"name": "layer_1",
			"from": [2, 7, 2],
			"to": [14, 9, 14],
			"faces": {
				"north": {"uv": [3, 6, 6, 7], "texture": "#0"},
				"east": {"uv": [0, 6, 3, 7], "texture": "#0"},
				"south": {"uv": [9, 6, 12, 7], "texture": "#0"},
				"west": {"uv": [6, 6, 9, 7], "texture": "#0"},
				"up": {"uv": [6, 13, 3, 7], "texture": "#0"},
				"down": {"uv": [9, 7, 6, 13], "texture": "#0"}
			}
		},
		{
			"name": "layer_2",
			"from": [5, 9, 5],
			"to": [11, 13, 11],
			"faces": {
				"north": {"uv": [3.75, 4, 5.25, 6], "texture": "#0"},
				"east": {"uv": [0.75, 4, 2.25, 6], "texture": "#0"},
				"south": {"uv": [9.75, 4, 11.25, 6], "texture": "#0"},
				"west": {"uv": [6.75, 4, 8.25, 6], "texture": "#0"},
				"up": {"uv": [5.25, 11.5, 3.75, 8.5], "texture": "#0"},
				"down": {"uv": [8.25, 8.5, 6.75, 11.5], "texture": "#0"}
			}
		},
		{
			"name": "layer_3",
			"from": [6, 12.15851, 6.23044],
			"to": [10, 16.15851, 10.23044],
			"rotation": {"angle": 22.5, "axis": "x", "origin": [8, 13.15851, 8.23044]},
			"faces": {
				"north": {"uv": [4, 2, 5, 4], "texture": "#0"},
				"east": {"uv": [1, 2, 2, 4], "texture": "#0"},
				"south": {"uv": [10, 2, 11, 4], "texture": "#0"},
				"west": {"uv": [7, 2, 8, 4], "texture": "#0"},
				"up": {"uv": [5, 11, 4, 9], "texture": "#0"},
				"down": {"uv": [8, 9, 7, 11], "texture": "#0"}
			}
		},
		{
			"name": "layer_4",
			"from": [7, 15.63886, 9.16412],
			"to": [9, 19.63886, 11.16412],
			"rotation": {"angle": 45, "axis": "x", "origin": [8, 16.8323, 9.62292]},
			"faces": {
				"north": {"uv": [4.25, 0, 4.75, 2], "texture": "#0"},
				"east": {"uv": [1.25, 0, 1.75, 2], "texture": "#0"},
				"south": {"uv": [10.25, 0, 10.75, 2], "texture": "#0"},
				"west": {"uv": [7.25, 0, 7.75, 2], "texture": "#0"},
				"up": {"uv": [4.75, 10.5, 4.25, 9.5], "texture": "#0"},
				"down": {"uv": [7.75, 9.5, 7.25, 10.5], "texture": "#0"}
			}
		},
		{
			"name": "horn_lefthand",
			"from": [4, 8, 7],
			"to": [6, 12, 9],
			"rotation": {"angle": 22.5, "axis": "z", "origin": [4, 8, 8]},
			"faces": {
				"north": {"uv": [10, 8.5, 10.5, 10.5], "texture": "#0"},
				"east": {"uv": [9.5, 8.5, 10, 10.5], "texture": "#0"},
				"south": {"uv": [11, 8.5, 11.5, 10.5], "texture": "#0"},
				"west": {"uv": [10.5, 8.5, 11, 10.5], "texture": "#0"},
				"up": {"uv": [10.5, 8.5, 10, 7.5], "texture": "#0"},
				"down": {"uv": [11, 7.5, 10.5, 8.5], "texture": "#0"}
			}
		},
		{
			"name": "horn_righthand",
			"from": [10, 8, 7],
			"to": [12, 12, 9],
			"rotation": {"angle": -22.5, "axis": "z", "origin": [12, 8, 8]},
			"faces": {
				"north": {"uv": [1, 8.5, 1.5, 10.5], "texture": "#0"},
				"east": {"uv": [0.5, 8.5, 1, 10.5], "texture": "#0"},
				"south": {"uv": [2, 8.5, 2.5, 10.5], "texture": "#0"},
				"west": {"uv": [1.5, 8.5, 2, 10.5], "texture": "#0"},
				"up": {"uv": [1.5, 8.5, 1, 7.5], "texture": "#0"},
				"down": {"uv": [2, 7.5, 1.5, 8.5], "texture": "#0"}
			}
		}
	],
	"display": {
		"thirdperson_righthand": {
			"translation": [0, 0, 1],
			"scale": [0.55, 0.55, 0.55]
		},
		"thirdperson_lefthand": {
			"translation": [0, 0, 1],
			"scale": [0.55, 0.55, 0.55]
		},
		"firstperson_righthand": {
			"rotation": [0, 0, 25],
			"translation": [0.5, 3.2, 1.13],
			"scale": [0.68, 0.68, 0.68]
		},
		"firstperson_lefthand": {
			"rotation": [0, 0, 25],
			"translation": [0.5, 3.2, 1.13],
			"scale": [0.68, 0.68, 0.68]
		},
		"ground": {
			"translation": [0, -2, 0],
			"scale": [0.5, 0.5, 0.5]
		},
		"gui": {
			"rotation": [30, 225, 0],
			"translation": [0, -2.5, 0],
			"scale": [0.75, 0.75, 0.75]
		},
		"head": {
			"rotation": [5, 0, 0],
			"translation": [0, 6.4, 0],
			"scale": [1.6, 1.6, 1.6]
		},
		"fixed": {
			"rotation": [-22.5, 0, 0],
			"translation": [0, -4.5, -2]
		}
	}
}