{
	"credit": "Made with Blockbench",
	"texture_size": [128, 128],
	"textures": {
		"1": "./albatros",
		"2": "block/albatros_propeller",
		"particle": "block/albatros_propeller"
	},
	"elements": [
		{
			"from": [4.75, 2.75, -6],
			"to": [6, 10.5, 5],
			"rotation": {"angle": 0, "axis": "y", "origin": [7.99956, 7.48838, -2.5]},
			"faces": {
				"north": {"uv": [4.875, 9.25, 5.0625, 10.25], "texture": "#1"},
				"east": {"uv": [5.5, 2.75, 6.875, 3.75], "texture": "#1"},
				"south": {"uv": [0.5, 9.375, 0.6875, 10.375], "texture": "#1"},
				"west": {"uv": [5.5, 3.75, 6.875, 4.75], "texture": "#1"},
				"up": {"uv": [4.1875, 9.875, 4, 8.5], "texture": "#1"},
				"down": {"uv": [8.1875, 8.75, 8, 10.125], "texture": "#1"}
			}
		},
		{
			"from": [10, 2.75, -6],
			"to": [11.25, 10.5, 5],
			"rotation": {"angle": 0, "axis": "y", "origin": [10.625, 6.625, -0.5]},
			"faces": {
				"north": {"uv": [9.5, 3.25, 9.6875, 4.25], "texture": "#1"},
				"east": {"uv": [5.5, 6.125, 6.875, 7.125], "texture": "#1"},
				"south": {"uv": [7.5, 9.5, 7.6875, 10.5], "texture": "#1"},
				"west": {"uv": [6.5, 4.75, 7.875, 5.75], "texture": "#1"},
				"up": {"uv": [1.4375, 10.25, 1.25, 8.875], "texture": "#1"},
				"down": {"uv": [3.3125, 9.125, 3.125, 10.5], "texture": "#1"}
			}
		},
		{
			"from": [6, 2.5, 0],
			"to": [10, 5.75, 5],
			"rotation": {"angle": 0, "axis": "y", "origin": [11.99956, 7.48838, -2.5]},
			"faces": {
				"east": {"uv": [9.125, 0.625, 9.75, 1.0625], "texture": "#1"},
				"south": {"uv": [5.75, 9.125, 6.25, 9.5625], "texture": "#1"},
				"west": {"uv": [2.5, 9.125, 3.125, 9.5625], "texture": "#1"},
				"up": {"uv": [9.375, 7.375, 8.875, 6.75], "texture": "#1"},
				"down": {"uv": [9.5, 3.25, 9, 3.875], "texture": "#1"}
			}
		},
		{
			"from": [5, 2.75, -10],
			"to": [11, 10, -6],
			"rotation": {"angle": 0, "axis": "y", "origin": [7.99956, 7.48838, -2.5]},
			"faces": {
				"north": {"uv": [5.75, 7.125, 6.5, 8.0625], "texture": "#1"},
				"east": {"uv": [8.375, 2.75, 8.875, 3.6875], "texture": "#1"},
				"south": {"uv": [0, 7.25, 0.75, 8.1875], "texture": "#1"},
				"west": {"uv": [8.375, 6.375, 8.875, 7.3125], "texture": "#1"},
				"up": {"uv": [9.125, 1.25, 8.375, 0.75], "texture": "#1"},
				"down": {"uv": [9.125, 7.375, 8.375, 7.875], "texture": "#1"}
			}
		},
		{
			"from": [5, 2.97383, -11.75],
			"to": [11, 9.47383, -10],
			"rotation": {"angle": 0, "axis": "y", "origin": [24.96989, 7.48838, -2.5]},
			"faces": {
				"north": {"uv": [0.75, 7.25, 1.5, 8.0625], "texture": "#1"},
				"east": {"uv": [6.5, 7.125, 6.75, 7.9375], "texture": "#1"},
				"west": {"uv": [4.25, 9.25, 4.5, 10.0625], "texture": "#1"},
				"up": {"uv": [8.625, 5.625, 7.875, 5.375], "texture": "#1"},
				"down": {"uv": [10, 5.75, 9.25, 6], "texture": "#1"}
			}
		},
		{
			"from": [5.5, 3.47383, -13.5],
			"to": [10.5, 8.97383, -11.75],
			"rotation": {"angle": 0, "axis": "y", "origin": [22.96989, 7.48838, -2.5]},
			"faces": {
				"north": {"uv": [8.375, 3.75, 9, 4.4375], "texture": "#1"},
				"east": {"uv": [3.375, 9.625, 3.625, 10.3125], "texture": "#1"},
				"west": {"uv": [3.625, 9.625, 3.875, 10.3125], "texture": "#1"},
				"up": {"uv": [10.25, 0.25, 9.625, 0], "texture": "#1"},
				"down": {"uv": [10.25, 0.25, 9.625, 0.5], "texture": "#1"}
			}
		},
		{
			"from": [6, 4.22383, -14.5],
			"to": [10, 8.22383, -13.5],
			"rotation": {"angle": 0, "axis": "y", "origin": [16.96989, 7.48838, -2.45]},
			"faces": {
				"north": {"uv": [3.375, 9.125, 3.875, 9.625], "texture": "#1"},
				"east": {"uv": [8.875, 3.25, 9, 3.75], "texture": "#1"},
				"west": {"uv": [9.875, 1.25, 10, 1.75], "texture": "#1"},
				"up": {"uv": [3, 5.75, 2.5, 5.625], "texture": "#1"},
				"down": {"uv": [2.5, 7, 2, 7.125], "texture": "#1"}
			}
		},
		{
			"from": [5.75, 3.75, 10],
			"to": [10.25, 9.75, 16],
			"rotation": {"angle": 0, "axis": "y", "origin": [17.99868, 7.68838, -2.5]},
			"faces": {
				"east": {"uv": [7.625, 6.375, 8.375, 7.125], "texture": "#1"},
				"south": {"uv": [8.5, 4.5, 9.0625, 5.25], "texture": "#1"},
				"west": {"uv": [7.625, 7.125, 8.375, 7.875], "texture": "#1"},
				"up": {"uv": [9.1875, 6, 8.625, 5.25], "texture": "#1"},
				"down": {"uv": [8.8125, 8.625, 8.25, 9.375], "texture": "#1"}
			}
		},
		{
			"from": [5.25, 3.25, 5],
			"to": [10.75, 10.25, 10],
			"rotation": {"angle": 0, "axis": "y", "origin": [7.99868, 7.68838, -2.5]},
			"faces": {
				"north": {"uv": [2.75, 7.625, 3.4375, 8.5], "texture": "#1"},
				"east": {"uv": [7.875, 4.5, 8.5, 5.375], "texture": "#1"},
				"south": {"uv": [7.625, 2.75, 8.3125, 3.625], "texture": "#1"},
				"west": {"uv": [7.625, 7.875, 8.25, 8.75], "texture": "#1"},
				"up": {"uv": [3.1875, 9.125, 2.5, 8.5], "texture": "#1"},
				"down": {"uv": [3.9375, 8.5, 3.25, 9.125], "texture": "#1"}
			}
		},
		{
			"from": [6, 2.5, -6],
			"to": [10, 11, 0],
			"rotation": {"angle": 0, "axis": "y", "origin": [7.99868, 7.68838, -2.5]},
			"faces": {
				"north": {"uv": [2.5, 4.5, 3, 5.5625], "texture": "#1"},
				"east": {"uv": [6.875, 6.875, 7.625, 7.9375], "texture": "#1"},
				"south": {"uv": [2, 5.875, 2.5, 6.9375], "texture": "#1"},
				"west": {"uv": [2, 7.125, 2.75, 8.1875], "texture": "#1"},
				"up": {"uv": [5.75, 9.375, 5.25, 8.625], "texture": "#1"},
				"down": {"uv": [8, 8.75, 7.5, 9.5], "texture": "#1"}
			}
		},
		{
			"from": [6, 4.25, 16],
			"to": [10, 9.25, 21],
			"rotation": {"angle": 0, "axis": "y", "origin": [8, 7.43838, -2.5]},
			"faces": {
				"east": {"uv": [6.25, 8.75, 6.875, 9.375], "texture": "#1"},
				"south": {"uv": [9, 3.875, 9.5, 4.5], "texture": "#1"},
				"west": {"uv": [6.875, 8.75, 7.5, 9.375], "texture": "#1"},
				"up": {"uv": [9.5, 8.5, 9, 7.875], "texture": "#1"},
				"down": {"uv": [9.625, 0, 9.125, 0.625], "texture": "#1"}
			}
		},
		{
			"from": [6.25, 5, 21],
			"to": [9.75, 8.5, 27],
			"rotation": {"angle": 0, "axis": "y", "origin": [8, 7.43838, -2.5]},
			"faces": {
				"east": {"uv": [0.5, 8.875, 1.25, 9.3125], "texture": "#1"},
				"south": {"uv": [9.25, 5.25, 9.6875, 5.6875], "texture": "#1"},
				"west": {"uv": [8.875, 2.75, 9.625, 3.1875], "texture": "#1"},
				"up": {"uv": [9.3125, 6.75, 8.875, 6], "texture": "#1"},
				"down": {"uv": [9.3125, 8.625, 8.875, 9.375], "texture": "#1"}
			}
		},
		{
			"from": [7, 5.225, -15.43874],
			"to": [9, 7.225, -14.43874],
			"rotation": {"angle": 0, "axis": "y", "origin": [8.0677, 7.48838, -2.5]},
			"faces": {
				"north": {"uv": [6.5, 5.75, 6.75, 6], "texture": "#1"},
				"east": {"uv": [2.5, 8.25, 2.625, 8.5], "texture": "#1"},
				"west": {"uv": [2.625, 8.25, 2.75, 8.5], "texture": "#1"},
				"up": {"uv": [6.75, 6.125, 6.5, 6], "texture": "#1"},
				"down": {"uv": [7.875, 4.5, 7.625, 4.625], "texture": "#1"}
			}
		},
		{
			"from": [6.025, 10.87269, -1.04902],
			"to": [9.975, 13.37269, -0.54902],
			"rotation": {"angle": 0, "axis": "x", "origin": [8, 11.12269, -2.79902]},
			"faces": {
				"north": {"uv": [5.75, 9.625, 6.25, 9.9375], "texture": "#1"},
				"east": {"uv": [4.375, 10.5, 4.4375, 10.8125], "texture": "#1"},
				"south": {"uv": [9.625, 7.375, 10.125, 7.6875], "texture": "#1"},
				"west": {"uv": [10.5, 5, 10.5625, 5.3125], "texture": "#1"},
				"up": {"uv": [10.75, 9.5625, 10.25, 9.5], "texture": "#1"}
			}
		},
		{
			"from": [9.975, 10.87269, -1.04902],
			"to": [6.025, 13.37269, -0.54902],
			"rotation": {"angle": 0, "axis": "x", "origin": [8, 13.12269, -0.79902]},
			"faces": {
				"north": {"uv": [5.75, 9.625, 6.25, 9.9375], "texture": "#1"},
				"east": {"uv": [4.375, 10.5, 4.4375, 10.8125], "texture": "#1"},
				"south": {"uv": [9.625, 7.375, 10.125, 7.6875], "texture": "#1"},
				"west": {"uv": [10.5, 5, 10.5625, 5.3125], "texture": "#1"},
				"up": {"uv": [10.75, 9.5625, 10.25, 9.5], "texture": "#1"}
			}
		},
		{
			"from": [-8, 3.68536, -0.24983],
			"to": [-7, 15.18536, 0.75017],
			"rotation": {"angle": 0, "axis": "x", "origin": [8, 9.22586, -1.74983]},
			"faces": {
				"north": {"uv": [7.75, 9.5, 7.875, 10.9375], "texture": "#1"},
				"east": {"uv": [7.875, 9.5, 8, 10.9375], "texture": "#1"},
				"south": {"uv": [9.625, 1.75, 9.75, 3.1875], "texture": "#1"},
				"west": {"uv": [2.5, 9.625, 2.625, 11.0625], "texture": "#1"}
			}
		},
		{
			"from": [-8, 3.18536, -4.99983],
			"to": [-7, 15.26636, -3.99983],
			"rotation": {"angle": -22.5, "axis": "x", "origin": [-7.5, 9.22586, -4.74983]},
			"faces": {
				"north": {"uv": [3.875, 9.125, 4, 10.625], "texture": "#1"},
				"east": {"uv": [1.125, 9.375, 1.25, 10.875], "texture": "#1"},
				"south": {"uv": [5.5, 9.375, 5.625, 10.875], "texture": "#1"},
				"west": {"uv": [5.625, 9.375, 5.75, 10.875], "texture": "#1"}
			}
		},
		{
			"from": [23, 3.18536, -5.24983],
			"to": [24, 15.26636, -4.24983],
			"rotation": {"angle": -22.5, "axis": "x", "origin": [23.5, 9.22586, -4.74983]},
			"faces": {
				"north": {"uv": [7, 9.375, 7.125, 10.875], "texture": "#1"},
				"east": {"uv": [7.125, 9.375, 7.25, 10.875], "texture": "#1"},
				"south": {"uv": [7.25, 9.375, 7.375, 10.875], "texture": "#1"},
				"west": {"uv": [7.375, 9.375, 7.5, 10.875], "texture": "#1"}
			}
		},
		{
			"from": [23, 3.68536, -0.24983],
			"to": [24, 15.18536, 0.75017],
			"rotation": {"angle": 0, "axis": "x", "origin": [8, 9.22586, -1.74983]},
			"faces": {
				"north": {"uv": [2.625, 9.625, 2.75, 11.0625], "texture": "#1"},
				"east": {"uv": [2.75, 9.625, 2.875, 11.0625], "texture": "#1"},
				"south": {"uv": [2.875, 9.625, 3, 11.0625], "texture": "#1"},
				"west": {"uv": [3, 9.625, 3.125, 11.0625], "texture": "#1"}
			}
		},
		{
			"from": [6.62148, 10.93997, -3.39187],
			"to": [7.12148, 15.87097, -2.39187],
			"rotation": {"angle": 22.5, "axis": "z", "origin": [7.99959, 7.48838, -1.5]},
			"faces": {
				"north": {"uv": [8.875, 10.375, 8.9375, 11], "texture": "#1"},
				"east": {"uv": [9.5, 1.75, 9.625, 2.375], "texture": "#1"},
				"south": {"uv": [10.375, 9.75, 10.4375, 10.375], "texture": "#1"},
				"west": {"uv": [2.375, 9.875, 2.5, 10.5], "texture": "#1"}
			}
		},
		{
			"from": [6.62148, 9.93997, -6.64187],
			"to": [7.12148, 15.87097, -5.64187],
			"rotation": {"angle": 22.5, "axis": "z", "origin": [7.99959, 7.48838, -1.5]},
			"faces": {
				"north": {"uv": [8, 10.125, 8.0625, 10.875], "texture": "#1"},
				"east": {"uv": [9.375, 9.75, 9.5, 10.5], "texture": "#1"},
				"south": {"uv": [8.125, 10.125, 8.1875, 10.875], "texture": "#1"},
				"west": {"uv": [9.5, 9.75, 9.625, 10.5], "texture": "#1"}
			}
		},
		{
			"from": [8.87852, 10.93997, -3.39187],
			"to": [9.37852, 15.87097, -2.39187],
			"rotation": {"angle": -22.5, "axis": "z", "origin": [8.00041, 7.48838, -1.5]},
			"faces": {
				"north": {"uv": [4.125, 10.5, 4.1875, 11.125], "texture": "#1"},
				"east": {"uv": [4, 9.875, 4.125, 10.5], "texture": "#1"},
				"south": {"uv": [4.25, 10.5, 4.3125, 11.125], "texture": "#1"},
				"west": {"uv": [4.125, 9.875, 4.25, 10.5], "texture": "#1"}
			}
		},
		{
			"from": [8.87852, 9.93997, -6.64187],
			"to": [9.37852, 15.87097, -5.64187],
			"rotation": {"angle": -22.5, "axis": "z", "origin": [8.00041, 7.48838, -1.5]},
			"faces": {
				"north": {"uv": [9.875, 10.125, 9.9375, 10.875], "texture": "#1"},
				"east": {"uv": [9.625, 9.75, 9.75, 10.5], "texture": "#1"},
				"south": {"uv": [10, 10.125, 10.0625, 10.875], "texture": "#1"},
				"west": {"uv": [9.75, 9.75, 9.875, 10.5], "texture": "#1"}
			}
		},
		{
			"from": [7.5, 8.05, 23.75],
			"to": [8.5, 14.05, 29.25],
			"rotation": {"angle": 0, "axis": "y", "origin": [20, 6.98838, -2.5]},
			"faces": {
				"north": {"uv": [6.75, 7.125, 6.875, 7.875], "texture": "#1"},
				"east": {"uv": [6.5, 8, 7.1875, 8.75], "texture": "#1"},
				"south": {"uv": [9.75, 3.25, 9.875, 4], "texture": "#1"},
				"west": {"uv": [0.75, 8.125, 1.4375, 8.875], "texture": "#1"},
				"up": {"uv": [1.125, 10.5625, 1, 9.875], "texture": "#1"}
			}
		},
		{
			"from": [7.5, 8.05, 29.25],
			"to": [8.5, 13.3, 30.25],
			"rotation": {"angle": 0, "axis": "y", "origin": [20, 6.98838, -2.5]},
			"faces": {
				"east": {"uv": [1.5, 9.875, 1.625, 10.5625], "texture": "#1"},
				"south": {"uv": [1.625, 9.875, 1.75, 10.5625], "texture": "#1"},
				"west": {"uv": [1.75, 9.875, 1.875, 10.5625], "texture": "#1"},
				"up": {"uv": [6.875, 8, 6.75, 7.875], "texture": "#1"}
			}
		},
		{
			"from": [7.5, 8.05, 21.25],
			"to": [8.5, 13.05, 23.75],
			"rotation": {"angle": 0, "axis": "y", "origin": [8, 6.98838, -2.5]},
			"faces": {
				"north": {"uv": [9.875, 3.25, 10, 3.875], "texture": "#1"},
				"east": {"uv": [7.25, 8, 7.5625, 8.625], "texture": "#1"},
				"west": {"uv": [4.5, 9.25, 4.8125, 9.875], "texture": "#1"},
				"up": {"uv": [10.375, 10.6875, 10.25, 10.375], "texture": "#1"}
			}
		},
		{
			"from": [7.5, 8.05, 19.75],
			"to": [8.5, 12.05, 21.25],
			"rotation": {"angle": 0, "axis": "y", "origin": [7, 6.98838, -2.5]},
			"faces": {
				"north": {"uv": [4.5, 9.875, 4.625, 10.375], "texture": "#1"},
				"east": {"uv": [6.25, 8.125, 6.4375, 8.625], "texture": "#1"},
				"west": {"uv": [0.5, 8.25, 0.6875, 8.75], "texture": "#1"},
				"up": {"uv": [10.625, 1.6875, 10.5, 1.5], "texture": "#1"}
			}
		},
		{
			"from": [7.5, 8.05, 18.75],
			"to": [8.5, 11.05, 19.75],
			"rotation": {"angle": 0, "axis": "y", "origin": [8, 6.98838, -2.5]},
			"faces": {
				"north": {"uv": [6.75, 2.375, 6.875, 2.75], "texture": "#1"},
				"east": {"uv": [6.75, 5.75, 6.875, 6.125], "texture": "#1"},
				"west": {"uv": [8.625, 6, 8.75, 6.375], "texture": "#1"},
				"up": {"uv": [8.625, 5.375, 8.5, 5.25], "texture": "#1"}
			}
		},
		{
			"from": [7.75, 3.1252, 17.13962],
			"to": [8.25, 8.1252, 24.63962],
			"rotation": {"angle": 22.5, "axis": "x", "origin": [8, 4.1252, 19.88962]},
			"faces": {
				"east": {"uv": [4.25, 7.625, 5.1875, 8.25], "texture": "#1"},
				"south": {"uv": [10.375, 10.375, 10.4375, 11], "texture": "#1"},
				"west": {"uv": [7.625, 5.75, 8.5625, 6.375], "texture": "#1"},
				"down": {"uv": [9.3125, 9.875, 9.25, 10.8125], "texture": "#1"}
			}
		},
		{
			"from": [1.5, 6.5, 25.5],
			"to": [14.5, 7.5, 30.5],
			"rotation": {"angle": 0, "axis": "y", "origin": [8, 7.48838, -2.5]},
			"faces": {
				"north": {"uv": [9, 8.5, 10.625, 8.625], "texture": "#1"},
				"east": {"uv": [9.75, 6.875, 10.375, 7], "texture": "#1"},
				"south": {"uv": [9.125, 1.125, 10.75, 1.25], "texture": "#1"},
				"west": {"uv": [9.75, 9.375, 10.375, 9.5], "texture": "#1"},
				"up": {"uv": [8.375, 0.625, 6.75, 0], "texture": "#1"},
				"down": {"uv": [8.375, 0.625, 6.75, 1.25], "texture": "#1"}
			}
		},
		{
			"from": [2.25, 6.5, 30.5],
			"to": [13.75, 7.5, 32],
			"rotation": {"angle": 0, "axis": "y", "origin": [8, 7.48838, -2.5]},
			"faces": {
				"east": {"uv": [6.25, 8.625, 6.4375, 8.75], "texture": "#1"},
				"south": {"uv": [9.375, 7, 10.8125, 7.125], "texture": "#1"},
				"west": {"uv": [0.5, 8.75, 0.6875, 8.875], "texture": "#1"},
				"up": {"uv": [10.5625, 4.6875, 9.125, 4.5], "texture": "#1"},
				"down": {"uv": [10.5625, 4.75, 9.125, 4.9375], "texture": "#1"}
			}
		},
		{
			"from": [2.25, 6.5, 21.5],
			"to": [13.75, 7.5, 25.5],
			"rotation": {"angle": 0, "axis": "y", "origin": [5, 7.48838, -2.5]},
			"faces": {
				"north": {"uv": [9.375, 7.125, 10.8125, 7.25], "texture": "#1"},
				"east": {"uv": [9.75, 9.5, 10.25, 9.625], "texture": "#1"},
				"west": {"uv": [9.875, 3.875, 10.375, 4], "texture": "#1"},
				"up": {"uv": [4.1875, 7.625, 2.75, 7.125], "texture": "#1"},
				"down": {"uv": [5.6875, 7.125, 4.25, 7.625], "texture": "#1"}
			}
		},
		{
			"from": [3.25, 6.5, 20.5],
			"to": [12.75, 7.5, 21.5],
			"rotation": {"angle": 0, "axis": "y", "origin": [4, 7.48838, -2.5]},
			"faces": {
				"north": {"uv": [9.75, 1.875, 10.9375, 2], "texture": "#1"},
				"east": {"uv": [5.125, 9.25, 5.25, 9.375], "texture": "#1"},
				"west": {"uv": [10.5, 4, 10.625, 4.125], "texture": "#1"},
				"up": {"uv": [10.9375, 2.125, 9.75, 2], "texture": "#1"},
				"down": {"uv": [10.9375, 2.125, 9.75, 2.25], "texture": "#1"}
			}
		},
		{
			"from": [-5, 14.5, -7.99721],
			"to": [5, 15.25, 3.00279],
			"rotation": {"angle": 0, "axis": "y", "origin": [7.99912, 7.48838, -2.5]},
			"faces": {
				"north": {"uv": [9.625, 0.5, 10.875, 0.625], "texture": "#1"},
				"east": {"uv": [9.375, 7.25, 10.75, 7.375], "texture": "#1"},
				"south": {"uv": [9.625, 7.75, 10.875, 7.875], "texture": "#1"},
				"up": {"uv": [4.25, 4.375, 3, 3], "texture": "#1"},
				"down": {"uv": [5.5, 3, 4.25, 4.375], "texture": "#1"}
			}
		},
		{
			"from": [5, 14.5, -7.99721],
			"to": [11, 15.25, 1.00279],
			"rotation": {"angle": 0, "axis": "y", "origin": [7.99912, 7.48838, -2.5]},
			"faces": {
				"north": {"uv": [7.875, 5.625, 8.625, 5.75], "texture": "#1"},
				"south": {"uv": [9.75, 4, 10.5, 4.125], "texture": "#1"},
				"up": {"uv": [7.5, 2.375, 6.75, 1.25], "texture": "#1"},
				"down": {"uv": [7.625, 2.375, 6.875, 3.5], "texture": "#1"}
			}
		},
		{
			"from": [11, 14.5, -7.99721],
			"to": [21, 15.25, 3.00279],
			"rotation": {"angle": 0, "axis": "y", "origin": [7.99912, 7.48838, -2.5]},
			"faces": {
				"north": {"uv": [9.375, 9.625, 10.625, 9.75], "texture": "#1"},
				"south": {"uv": [9.75, 0.625, 11, 0.75], "texture": "#1"},
				"west": {"uv": [9.5, 4.25, 10.875, 4.375], "texture": "#1"},
				"up": {"uv": [4.25, 5.75, 3, 4.375], "texture": "#1"},
				"down": {"uv": [5.5, 4.375, 4.25, 5.75], "texture": "#1"}
			}
		},
		{
			"from": [-13, 14.5, -7.99721],
			"to": [-5, 15.25, 3.00279],
			"rotation": {"angle": 0, "axis": "y", "origin": [7.99912, 7.48838, -2.5]},
			"faces": {
				"north": {"uv": [9.75, 2.25, 10.75, 2.375], "texture": "#1"},
				"south": {"uv": [9.75, 2.375, 10.75, 2.5], "texture": "#1"},
				"west": {"uv": [9.5, 4.375, 10.875, 4.5], "texture": "#1"},
				"up": {"uv": [6.5, 6.125, 5.5, 4.75], "texture": "#1"},
				"down": {"uv": [6.75, 0, 5.75, 1.375], "texture": "#1"}
			}
		},
		{
			"from": [-16, 14.5, -0.74721],
			"to": [-13, 15.25, 3.00279],
			"rotation": {"angle": 0, "axis": "y", "origin": [9.99912, 7.48838, -3]},
			"faces": {
				"north": {"uv": [7.25, 8.625, 7.625, 8.75], "texture": "#1"},
				"east": {"uv": [9.875, 6, 10.375, 6.125], "texture": "#1"},
				"south": {"uv": [10, 9, 10.375, 9.125], "texture": "#1"},
				"west": {"uv": [9.875, 6.125, 10.375, 6.25], "texture": "#1"},
				"up": {"uv": [9.75, 6.5, 9.375, 6], "texture": "#1"},
				"down": {"uv": [6.625, 9.375, 6.25, 9.875], "texture": "#1"}
			}
		},
		{
			"from": [-14.85581, 14.525, -8.16744],
			"to": [-10.85581, 15.225, -0.16744],
			"rotation": {"angle": -22.5, "axis": "y", "origin": [-14.35581, 14.875, -3.41744]},
			"faces": {
				"north": {"uv": [10.375, 3.875, 10.875, 3.9375], "texture": "#1"},
				"east": {"uv": [9.875, 6.25, 10.875, 6.3125], "texture": "#1"},
				"south": {"uv": [10.375, 6, 10.875, 6.0625], "texture": "#1"},
				"west": {"uv": [9.875, 6.375, 10.875, 6.4375], "texture": "#1"},
				"up": {"uv": [2, 8.25, 1.5, 7.25], "texture": "#1"},
				"down": {"uv": [5.75, 7.625, 5.25, 8.625], "texture": "#1"}
			}
		},
		{
			"from": [26.85581, 14.525, -8.16744],
			"to": [30.85581, 15.225, -0.16744],
			"rotation": {"angle": 22.5, "axis": "y", "origin": [30.35581, 14.875, -3.41744]},
			"faces": {
				"north": {"uv": [10.375, 6.125, 10.875, 6.1875], "texture": "#1"},
				"east": {"uv": [9.875, 6.5, 10.875, 6.5625], "texture": "#1"},
				"south": {"uv": [10.375, 6.875, 10.875, 6.9375], "texture": "#1"},
				"west": {"uv": [9.875, 6.625, 10.875, 6.6875], "texture": "#1"},
				"up": {"uv": [6.25, 9.125, 5.75, 8.125], "texture": "#1"},
				"down": {"uv": [0.5, 8.25, 0, 9.25], "texture": "#1"}
			}
		},
		{
			"from": [29, 14.5, -0.74721],
			"to": [32, 15.25, 3.00279],
			"rotation": {"angle": 0, "axis": "y", "origin": [6.00088, 7.48838, -3]},
			"faces": {
				"north": {"uv": [9.875, 10, 10.25, 10.125], "texture": "#1"},
				"east": {"uv": [6.375, 9.875, 6.875, 10], "texture": "#1"},
				"south": {"uv": [10.125, 3.25, 10.5, 3.375], "texture": "#1"},
				"west": {"uv": [8.25, 9.875, 8.75, 10], "texture": "#1"},
				"up": {"uv": [9.75, 7, 9.375, 6.5], "texture": "#1"},
				"down": {"uv": [7, 9.375, 6.625, 9.875], "texture": "#1"}
			}
		},
		{
			"from": [21, 14.5, -7.99721],
			"to": [29, 15.25, 3.00279],
			"rotation": {"angle": 0, "axis": "y", "origin": [7.99912, 7.48838, -2.5]},
			"faces": {
				"north": {"uv": [9.75, 2.5, 10.75, 2.625], "texture": "#1"},
				"east": {"uv": [9.5, 7.875, 10.875, 8], "texture": "#1"},
				"south": {"uv": [9.75, 2.625, 10.75, 2.75], "texture": "#1"},
				"up": {"uv": [6.75, 2.75, 5.75, 1.375], "texture": "#1"},
				"down": {"uv": [3.5, 5.75, 2.5, 7.125], "texture": "#1"}
			}
		},
		{
			"from": [29, 3.25, -0.74721],
			"to": [32, 4, 3.00279],
			"rotation": {"angle": 0, "axis": "y", "origin": [6.00088, -3.76162, -3]},
			"faces": {
				"north": {"uv": [10.25, 0.375, 10.625, 0.5], "texture": "#1"},
				"east": {"uv": [10, 1.5, 10.5, 1.625], "texture": "#1"},
				"south": {"uv": [10.25, 3.375, 10.625, 3.5], "texture": "#1"},
				"west": {"uv": [10, 1.625, 10.5, 1.75], "texture": "#1"},
				"up": {"uv": [9.75, 9.625, 9.375, 9.125], "texture": "#1"},
				"down": {"uv": [9.875, 1.25, 9.5, 1.75], "texture": "#1"}
			}
		},
		{
			"from": [26.85581, 3.275, -8.16744],
			"to": [30.85581, 3.975, -0.16744],
			"rotation": {"angle": 22.5, "axis": "y", "origin": [30.35581, 3.625, -3.41744]},
			"faces": {
				"north": {"uv": [10.5, 0, 11, 0.0625], "texture": "#1"},
				"east": {"uv": [10, 1.25, 11, 1.3125], "texture": "#1"},
				"south": {"uv": [10.5, 0.125, 11, 0.1875], "texture": "#1"},
				"west": {"uv": [10, 1.375, 11, 1.4375], "texture": "#1"},
				"up": {"uv": [4.75, 9.25, 4.25, 8.25], "texture": "#1"},
				"down": {"uv": [5.25, 8.25, 4.75, 9.25], "texture": "#1"}
			}
		},
		{
			"from": [21, 3.25, -7.99721],
			"to": [29, 4, 3.00279],
			"rotation": {"angle": 0, "axis": "y", "origin": [7.99912, -3.76162, -2.5]},
			"faces": {
				"north": {"uv": [9.75, 3, 10.75, 3.125], "texture": "#1"},
				"east": {"uv": [9.5, 8.375, 10.875, 8.5], "texture": "#1"},
				"south": {"uv": [9.75, 3.125, 10.75, 3.25], "texture": "#1"},
				"up": {"uv": [1, 7.25, 0, 5.875], "texture": "#1"},
				"down": {"uv": [2, 5.875, 1, 7.25], "texture": "#1"}
			}
		},
		{
			"from": [11, 3.25, -7.99721],
			"to": [21, 4, 3.00279],
			"rotation": {"angle": 0, "axis": "y", "origin": [7.99912, -3.76162, -2.5]},
			"faces": {
				"north": {"uv": [9.75, 1, 11, 1.125], "texture": "#1"},
				"south": {"uv": [9.75, 1.75, 11, 1.875], "texture": "#1"},
				"west": {"uv": [9.5, 8.25, 10.875, 8.375], "texture": "#1"},
				"up": {"uv": [2.5, 5.875, 1.25, 4.5], "texture": "#1"},
				"down": {"uv": [5.75, 1.375, 4.5, 2.75], "texture": "#1"}
			}
		},
		{
			"from": [5, 3.25, -7.99721],
			"to": [11, 4, 1.00279],
			"rotation": {"angle": 0, "axis": "y", "origin": [7.99912, -3.76162, -2.5]},
			"faces": {
				"north": {"uv": [9.75, 4.125, 10.5, 4.25], "texture": "#1"},
				"south": {"uv": [9.75, 5.25, 10.5, 5.375], "texture": "#1"},
				"up": {"uv": [7.625, 4.625, 6.875, 3.5], "texture": "#1"},
				"down": {"uv": [7.625, 5.75, 6.875, 6.875], "texture": "#1"}
			}
		},
		{
			"from": [-5, 3.25, -7.99721],
			"to": [5, 4, 3.00279],
			"rotation": {"angle": 0, "axis": "y", "origin": [7.99912, -3.76162, -2.5]},
			"faces": {
				"north": {"uv": [9.75, 0.75, 11, 0.875], "texture": "#1"},
				"east": {"uv": [9.5, 8.125, 10.875, 8.25], "texture": "#1"},
				"south": {"uv": [9.75, 0.875, 11, 1], "texture": "#1"},
				"up": {"uv": [1.25, 5.875, 0, 4.5], "texture": "#1"},
				"down": {"uv": [5.75, 0, 4.5, 1.375], "texture": "#1"}
			}
		},
		{
			"from": [-13, 3.25, -7.99721],
			"to": [-5, 4, 3.00279],
			"rotation": {"angle": 0, "axis": "y", "origin": [7.99912, -3.76162, -2.5]},
			"faces": {
				"north": {"uv": [9.75, 2.75, 10.75, 2.875], "texture": "#1"},
				"south": {"uv": [9.75, 2.875, 10.75, 3], "texture": "#1"},
				"west": {"uv": [9.5, 8, 10.875, 8.125], "texture": "#1"},
				"up": {"uv": [4.5, 7.125, 3.5, 5.75], "texture": "#1"},
				"down": {"uv": [5.5, 5.75, 4.5, 7.125], "texture": "#1"}
			}
		},
		{
			"from": [-16, 3.25, -0.74721],
			"to": [-13, 4, 3.00279],
			"rotation": {"angle": 0, "axis": "y", "origin": [9.99912, -3.76162, -3]},
			"faces": {
				"north": {"uv": [10.125, 5, 10.5, 5.125], "texture": "#1"},
				"east": {"uv": [9.875, 9.75, 10.375, 9.875], "texture": "#1"},
				"south": {"uv": [10.125, 5.125, 10.5, 5.25], "texture": "#1"},
				"west": {"uv": [9.875, 9.875, 10.375, 10], "texture": "#1"},
				"up": {"uv": [9.75, 9.125, 9.375, 8.625], "texture": "#1"},
				"down": {"uv": [9.375, 9.375, 9, 9.875], "texture": "#1"}
			}
		},
		{
			"from": [-14.85581, 3.275, -8.16744],
			"to": [-10.85581, 3.975, -0.16744],
			"rotation": {"angle": -22.5, "axis": "y", "origin": [-14.35581, 3.625, -3.41744]},
			"faces": {
				"north": {"uv": [10.375, 9, 10.875, 9.0625], "texture": "#1"},
				"east": {"uv": [9.875, 9.125, 10.875, 9.1875], "texture": "#1"},
				"south": {"uv": [10.375, 9.375, 10.875, 9.4375], "texture": "#1"},
				"west": {"uv": [9.875, 9.25, 10.875, 9.3125], "texture": "#1"},
				"up": {"uv": [2, 9.25, 1.5, 8.25], "texture": "#1"},
				"down": {"uv": [2.5, 8.25, 2, 9.25], "texture": "#1"}
			}
		},
		{
			"from": [-0.5, -2.3, -15],
			"to": [16.5, 14.7, -14.975],
			"rotation": {"angle": 0, "axis": "y", "origin": [9, 0, 0]},
			"faces": {
				"north": {"uv": [0, 0.0625, 16, 16.0625], "texture": "#2"},
				"east": {"uv": [0, 0, 0, 0], "texture": "#2"},
				"south": {"uv": [16, 0.0625, 0, 16.0625], "texture": "#2"}
			}
		},
		{
			"from": [-7.10525, 4.02078, -3.72337],
			"to": [4.89475, 15.52078, -3.69837],
			"rotation": {"angle": -22.5, "axis": "x", "origin": [8.00088, 7.48838, -2.5]},
			"faces": {
				"north": {"uv": [0, 0, 1.5, 1.4375], "texture": "#1"},
				"south": {"uv": [0, 1.5, 1.5, 2.9375], "texture": "#1"}
			}
		},
		{
			"from": [11.10525, 4.27078, -3.97337],
			"to": [23.10525, 15.77078, -3.94837],
			"rotation": {"angle": -22.5, "axis": "x", "origin": [7.99912, 7.48838, -2.5]},
			"faces": {
				"north": {"uv": [1.5, 0, 3, 1.4375], "texture": "#1"},
				"south": {"uv": [1.5, 1.5, 3, 2.9375], "texture": "#1"}
			}
		},
		{
			"from": [-7.10525, 3.72657, 0.95972],
			"to": [4.89475, 15.22657, 0.98472],
			"rotation": {"angle": 0, "axis": "x", "origin": [8, 10.47657, 0.97222]},
			"faces": {
				"north": {"uv": [0, 3, 1.5, 4.4375], "texture": "#1"},
				"south": {"uv": [3, 0, 4.5, 1.4375], "texture": "#1"}
			}
		},
		{
			"from": [11.10525, 3.72657, 0.95972],
			"to": [23.10525, 15.22657, 0.98472],
			"rotation": {"angle": 0, "axis": "x", "origin": [8, 10.47657, 0.97222]},
			"faces": {
				"north": {"uv": [1.5, 3, 3, 4.4375], "texture": "#1"},
				"south": {"uv": [3, 1.5, 4.5, 2.9375], "texture": "#1"}
			}
		},
		{
			"from": [9.56236, 3.97657, -5.91896],
			"to": [25.56236, 6.47657, -5.89396],
			"rotation": {"angle": -22.5, "axis": "y", "origin": [17.81236, 4.22657, -8.65646]},
			"faces": {
				"north": {"uv": [7.5, 1.25, 9.5, 1.5625], "texture": "#1"},
				"south": {"uv": [7.5, 1.625, 9.5, 1.9375], "texture": "#1"}
			}
		},
		{
			"from": [-9.56236, 3.97657, -5.66896],
			"to": [6.43764, 6.47657, -5.64396],
			"rotation": {"angle": 22.5, "axis": "y", "origin": [-1.81236, 4.22657, -8.65646]},
			"faces": {
				"north": {"uv": [7.5, 2, 9.5, 2.3125], "texture": "#1"},
				"south": {"uv": [7.625, 2.375, 9.625, 2.6875], "texture": "#1"}
			}
		},
		{
			"from": [8.5, 10.74913, -6.74808],
			"to": [9.5, 11.74913, -1.24808],
			"rotation": {"angle": 0, "axis": "y", "origin": [-14.00088, 7.48838, -2.5]},
			"faces": {
				"north": {"uv": [10.5, 4.125, 10.625, 4.25], "texture": "#1"},
				"east": {"uv": [9.75, 5.375, 10.4375, 5.5], "texture": "#1"},
				"south": {"uv": [10.5, 5.375, 10.625, 5.5], "texture": "#1"},
				"west": {"uv": [9.75, 5.5, 10.4375, 5.625], "texture": "#1"},
				"up": {"uv": [2, 10.5625, 1.875, 9.875], "texture": "#1"},
				"down": {"uv": [2.125, 9.875, 2, 10.5625], "texture": "#1"}
			}
		},
		{
			"from": [5.20492, -0.42983, -10.43759],
			"to": [5.70492, 5.57017, -9.43759],
			"rotation": {"angle": -22.5, "axis": "x", "origin": [8.00088, 7.48838, -3.5]},
			"faces": {
				"north": {"uv": [8.5, 10, 8.5625, 10.75], "texture": "#1"},
				"east": {"uv": [9.75, 6, 9.875, 6.75], "texture": "#1"},
				"south": {"uv": [8.625, 10, 8.6875, 10.75], "texture": "#1"},
				"west": {"uv": [9.75, 8.625, 9.875, 9.375], "texture": "#1"}
			}
		},
		{
			"from": [5.25, 0.02078, -9.97337],
			"to": [10.75, 5.52078, -9.94837],
			"rotation": {"angle": -22.5, "axis": "x", "origin": [17.35613, 7.48838, -2.5]},
			"faces": {
				"north": {"uv": [8.25, 7.875, 8.9375, 8.5625], "texture": "#1"},
				"south": {"uv": [8.375, 0, 9.0625, 0.6875], "texture": "#1"}
			}
		},
		{
			"from": [10.29508, -0.42983, -10.43759],
			"to": [10.79508, 5.57017, -9.43759],
			"rotation": {"angle": -22.5, "axis": "x", "origin": [7.99912, 7.48838, -3.5]},
			"faces": {
				"north": {"uv": [1.25, 10.25, 1.3125, 11], "texture": "#1"},
				"east": {"uv": [0.75, 9.875, 0.875, 10.625], "texture": "#1"},
				"south": {"uv": [1.375, 10.25, 1.4375, 11], "texture": "#1"},
				"west": {"uv": [0.875, 9.875, 1, 10.625], "texture": "#1"}
			}
		},
		{
			"from": [5.25, 0.0057, -4.44577],
			"to": [10.75, 7.0057, -4.42077],
			"rotation": {"angle": 45, "axis": "x", "origin": [8, 0.5057, -7.68327]},
			"faces": {
				"north": {"uv": [3.5, 7.625, 4.1875, 8.5], "texture": "#1"},
				"south": {"uv": [7.625, 3.625, 8.3125, 4.5], "texture": "#1"}
			}
		},
		{
			"from": [10.31951, -2.49458, -3.93153],
			"to": [10.81951, 5.50542, -2.93153],
			"rotation": {"angle": 45, "axis": "x", "origin": [8, 0.50542, -4.43153]},
			"faces": {
				"north": {"uv": [9, 9.875, 9.0625, 10.875], "texture": "#1"},
				"east": {"uv": [0.25, 9.75, 0.375, 10.75], "texture": "#1"},
				"south": {"uv": [9.125, 9.875, 9.1875, 10.875], "texture": "#1"},
				"west": {"uv": [0.375, 9.75, 0.5, 10.75], "texture": "#1"}
			}
		},
		{
			"from": [5.18049, -2.49458, -3.93153],
			"to": [5.68049, 5.50542, -2.93153],
			"rotation": {"angle": 45, "axis": "x", "origin": [8, 0.50542, -4.43153]},
			"faces": {
				"north": {"uv": [5.375, 9.875, 5.4375, 10.875], "texture": "#1"},
				"east": {"uv": [0, 9.75, 0.125, 10.75], "texture": "#1"},
				"south": {"uv": [6.25, 9.875, 6.3125, 10.875], "texture": "#1"},
				"west": {"uv": [0.125, 9.75, 0.25, 10.75], "texture": "#1"}
			}
		},
		{
			"from": [3.025, -4.25, -8],
			"to": [3.975, -0.75, -4],
			"rotation": {"angle": 0, "axis": "y", "origin": [8.00088, 7.48838, -2.5]},
			"faces": {
				"north": {"uv": [10, 3.25, 10.125, 3.6875], "texture": "#1"},
				"east": {"uv": [9.125, 7.375, 9.625, 7.8125], "texture": "#1"},
				"south": {"uv": [5.75, 10, 5.875, 10.4375], "texture": "#1"},
				"west": {"uv": [0, 9.25, 0.5, 9.6875], "texture": "#1"},
				"up": {"uv": [5.25, 10.375, 5.125, 9.875], "texture": "#1"},
				"down": {"uv": [5.375, 9.875, 5.25, 10.375], "texture": "#1"}
			}
		},
		{
			"from": [3, -4.5, -7.5],
			"to": [4, -0.5, -4.5],
			"rotation": {"angle": 0, "axis": "y", "origin": [8.00088, 7.48838, -2.5]},
			"faces": {
				"north": {"uv": [4.625, 9.875, 4.75, 10.375], "texture": "#1"},
				"east": {"uv": [0.75, 9.375, 1.125, 9.875], "texture": "#1"},
				"south": {"uv": [4.75, 9.875, 4.875, 10.375], "texture": "#1"},
				"west": {"uv": [5.125, 9.375, 5.5, 9.875], "texture": "#1"},
				"up": {"uv": [8.875, 6.375, 8.75, 6], "texture": "#1"},
				"down": {"uv": [8.5, 10, 8.375, 10.375], "texture": "#1"}
			}
		},
		{
			"from": [4, -3, -6.99896],
			"to": [12, -2, -4.99896],
			"rotation": {"angle": 0, "axis": "y", "origin": [7.99912, 7.48838, -2.5]},
			"faces": {
				"north": {"uv": [6.875, 4.625, 7.875, 4.75], "texture": "#1"},
				"south": {"uv": [1.5, 9.75, 2.5, 9.875], "texture": "#1"},
				"up": {"uv": [5.5, 3, 4.5, 2.75], "texture": "#1"},
				"down": {"uv": [10.125, 5, 9.125, 5.25], "texture": "#1"}
			}
		},
		{
			"from": [12.025, -4.25, -8],
			"to": [12.975, -0.75, -4],
			"rotation": {"angle": 0, "axis": "y", "origin": [7.99912, 7.48838, -2.5]},
			"faces": {
				"north": {"uv": [6.75, 10, 6.875, 10.4375], "texture": "#1"},
				"east": {"uv": [1.5, 9.25, 2, 9.6875], "texture": "#1"},
				"south": {"uv": [8.25, 10, 8.375, 10.4375], "texture": "#1"},
				"west": {"uv": [2, 9.25, 2.5, 9.6875], "texture": "#1"},
				"up": {"uv": [7, 10.375, 6.875, 9.875], "texture": "#1"},
				"down": {"uv": [10, 8.625, 9.875, 9.125], "texture": "#1"}
			}
		},
		{
			"from": [12, -4.5, -7.5],
			"to": [13, -0.5, -4.5],
			"rotation": {"angle": 0, "axis": "y", "origin": [7.99912, 7.48838, -2.5]},
			"faces": {
				"north": {"uv": [8.75, 9.875, 8.875, 10.375], "texture": "#1"},
				"east": {"uv": [8.25, 9.375, 8.625, 9.875], "texture": "#1"},
				"south": {"uv": [8.875, 9.875, 9, 10.375], "texture": "#1"},
				"west": {"uv": [8.625, 9.375, 9, 9.875], "texture": "#1"},
				"up": {"uv": [10.25, 10.5, 10.125, 10.125], "texture": "#1"},
				"down": {"uv": [10.375, 0, 10.25, 0.375], "texture": "#1"}
			}
		},
		{
			"from": [8.75, 10.94913, -7.49808],
			"to": [9.25, 11.44913, -6.74808],
			"rotation": {"angle": 0, "axis": "y", "origin": [-14.00088, 7.48838, -2.5]},
			"faces": {
				"north": {"uv": [0.75, 10.625, 0.8125, 10.6875], "texture": "#1"},
				"east": {"uv": [9.75, 10.5, 9.875, 10.5625], "texture": "#1"},
				"south": {"uv": [0.875, 10.625, 0.9375, 10.6875], "texture": "#1"},
				"west": {"uv": [10.5, 9.75, 10.625, 9.8125], "texture": "#1"},
				"up": {"uv": [10.5625, 10, 10.5, 9.875], "texture": "#1"},
				"down": {"uv": [10.5625, 10, 10.5, 10.125], "texture": "#1"}
			}
		},
		{
			"from": [6.5, 10.74913, -6.74808],
			"to": [7.5, 11.74913, -1.24808],
			"rotation": {"angle": 0, "axis": "y", "origin": [30.00088, 7.48838, -2.5]},
			"faces": {
				"north": {"uv": [7.5, 10.5, 7.625, 10.625], "texture": "#1"},
				"east": {"uv": [9.75, 5.625, 10.4375, 5.75], "texture": "#1"},
				"south": {"uv": [7.625, 10.5, 7.75, 10.625], "texture": "#1"},
				"west": {"uv": [9.75, 6.75, 10.4375, 6.875], "texture": "#1"},
				"up": {"uv": [2.25, 10.5625, 2.125, 9.875], "texture": "#1"},
				"down": {"uv": [2.375, 9.875, 2.25, 10.5625], "texture": "#1"}
			}
		},
		{
			"from": [6.75, 10.94913, -7.49808],
			"to": [7.25, 11.44913, -6.74808],
			"rotation": {"angle": 0, "axis": "y", "origin": [30.00088, 7.48838, -2.5]},
			"faces": {
				"north": {"uv": [2.125, 10.625, 2.1875, 10.6875], "texture": "#1"},
				"east": {"uv": [10.5, 10.25, 10.625, 10.3125], "texture": "#1"},
				"south": {"uv": [2.25, 10.625, 2.3125, 10.6875], "texture": "#1"},
				"west": {"uv": [10.5, 10.375, 10.625, 10.4375], "texture": "#1"},
				"up": {"uv": [10.5625, 10.625, 10.5, 10.5], "texture": "#1"},
				"down": {"uv": [10.6875, 0.375, 10.625, 0.5], "texture": "#1"}
			}
		},
		{
			"from": [6.625, 10.24913, -12.74808],
			"to": [7.125, 10.74913, -5.99808],
			"rotation": {"angle": 0, "axis": "y", "origin": [-15.12588, 7.48838, -2.5]},
			"faces": {
				"north": {"uv": [1, 10.625, 1.0625, 10.6875], "texture": "#1"},
				"east": {"uv": [10, 3.75, 10.875, 3.8125], "texture": "#1"},
				"south": {"uv": [1.5, 10.625, 1.5625, 10.6875], "texture": "#1"},
				"west": {"uv": [10, 5.75, 10.875, 5.8125], "texture": "#1"},
				"up": {"uv": [5.9375, 10.875, 5.875, 10], "texture": "#1"},
				"down": {"uv": [6.0625, 10, 6, 10.875], "texture": "#1"}
			}
		},
		{
			"from": [8.875, 10.24913, -12.74808],
			"to": [9.375, 10.74913, -5.99808],
			"rotation": {"angle": 0, "axis": "y", "origin": [31.12588, 7.48838, -2.5]},
			"faces": {
				"north": {"uv": [1.875, 10.625, 1.9375, 10.6875], "texture": "#1"},
				"east": {"uv": [10, 8.75, 10.875, 8.8125], "texture": "#1"},
				"south": {"uv": [2, 10.625, 2.0625, 10.6875], "texture": "#1"},
				"west": {"uv": [10, 8.875, 10.875, 8.9375], "texture": "#1"},
				"up": {"uv": [6.5625, 10.875, 6.5, 10], "texture": "#1"},
				"down": {"uv": [6.6875, 10, 6.625, 10.875], "texture": "#1"}
			}
		},
		{
			"from": [7.75, 10.24913, -12.74808],
			"to": [8.25, 10.74913, -5.99808],
			"rotation": {"angle": 0, "axis": "y", "origin": [-15.00088, 7.48838, -2.5]},
			"faces": {
				"north": {"uv": [10.625, 1.5, 10.6875, 1.5625], "texture": "#1"},
				"east": {"uv": [10, 5.875, 10.875, 5.9375], "texture": "#1"},
				"south": {"uv": [1.625, 10.625, 1.6875, 10.6875], "texture": "#1"},
				"west": {"uv": [10, 8.625, 10.875, 8.6875], "texture": "#1"},
				"up": {"uv": [6.1875, 10.875, 6.125, 10], "texture": "#1"},
				"down": {"uv": [6.4375, 10, 6.375, 10.875], "texture": "#1"}
			}
		},
		{
			"from": [7.625, 8.49913, -12.99808],
			"to": [8.375, 11.49913, -12.24808],
			"rotation": {"angle": 0, "axis": "y", "origin": [-19.12588, 7.48838, -2.5]},
			"faces": {
				"north": {"uv": [10.125, 3.375, 10.25, 3.75], "texture": "#1"},
				"east": {"uv": [4.25, 10.125, 4.375, 10.5], "texture": "#1"},
				"south": {"uv": [4.375, 10.125, 4.5, 10.5], "texture": "#1"},
				"west": {"uv": [10.125, 7.375, 10.25, 7.75], "texture": "#1"},
				"up": {"uv": [10.625, 6.875, 10.5, 6.75], "texture": "#1"}
			}
		},
		{
			"from": [7.625, 8.49913, -11.74808],
			"to": [8.375, 11.49913, -10.99808],
			"rotation": {"angle": 0, "axis": "y", "origin": [-19.12588, 7.48838, -2.5]},
			"faces": {
				"north": {"uv": [4.875, 10.25, 5, 10.625], "texture": "#1"},
				"east": {"uv": [5, 10.25, 5.125, 10.625], "texture": "#1"},
				"south": {"uv": [10.25, 7.375, 10.375, 7.75], "texture": "#1"},
				"west": {"uv": [10.25, 10, 10.375, 10.375], "texture": "#1"},
				"up": {"uv": [10.625, 7.75, 10.5, 7.625], "texture": "#1"}
			}
		},
		{
			"from": [7.625, 8.49913, -9.24808],
			"to": [8.375, 11.49913, -8.49808],
			"rotation": {"angle": 0, "axis": "y", "origin": [-19.12588, 7.48838, -2.5]},
			"faces": {
				"north": {"uv": [3.5, 10.375, 3.625, 10.75], "texture": "#1"},
				"east": {"uv": [3.625, 10.375, 3.75, 10.75], "texture": "#1"},
				"south": {"uv": [3.75, 10.375, 3.875, 10.75], "texture": "#1"},
				"west": {"uv": [4.5, 10.375, 4.625, 10.75], "texture": "#1"},
				"up": {"uv": [9.5, 10.625, 9.375, 10.5], "texture": "#1"}
			}
		},
		{
			"from": [7.625, 8.49913, -10.49808],
			"to": [8.375, 11.49913, -9.74808],
			"rotation": {"angle": 0, "axis": "y", "origin": [-19.12588, 7.48838, -2.5]},
			"faces": {
				"north": {"uv": [10.375, 0, 10.5, 0.375], "texture": "#1"},
				"east": {"uv": [0.5, 10.375, 0.625, 10.75], "texture": "#1"},
				"south": {"uv": [0.625, 10.375, 0.75, 10.75], "texture": "#1"},
				"west": {"uv": [3.375, 10.375, 3.5, 10.75], "texture": "#1"},
				"up": {"uv": [8.375, 10.625, 8.25, 10.5], "texture": "#1"}
			}
		},
		{
			"from": [7.625, 8.49913, -6.74808],
			"to": [8.375, 11.49913, -5.99808],
			"rotation": {"angle": 0, "axis": "y", "origin": [-19.12588, 7.48838, -2.5]},
			"faces": {
				"north": {"uv": [6.875, 10.375, 7, 10.75], "texture": "#1"},
				"east": {"uv": [10.375, 7.375, 10.5, 7.75], "texture": "#1"},
				"south": {"uv": [8.375, 10.375, 8.5, 10.75], "texture": "#1"},
				"west": {"uv": [8.75, 10.375, 8.875, 10.75], "texture": "#1"},
				"up": {"uv": [9.75, 10.625, 9.625, 10.5], "texture": "#1"}
			}
		},
		{
			"from": [7.625, 8.49913, -7.99808],
			"to": [8.375, 11.49913, -7.24808],
			"rotation": {"angle": 0, "axis": "y", "origin": [-19.12588, 7.48838, -2.5]},
			"faces": {
				"north": {"uv": [4.625, 10.375, 4.75, 10.75], "texture": "#1"},
				"east": {"uv": [4.75, 10.375, 4.875, 10.75], "texture": "#1"},
				"south": {"uv": [5.125, 10.375, 5.25, 10.75], "texture": "#1"},
				"west": {"uv": [5.25, 10.375, 5.375, 10.75], "texture": "#1"},
				"up": {"uv": [9.625, 10.625, 9.5, 10.5], "texture": "#1"}
			}
		},
		{
			"from": [6.875, 10.24913, -13.49808],
			"to": [9.125, 10.74913, -12.74808],
			"rotation": {"angle": 0, "axis": "y", "origin": [-15.12588, 7.48838, -2.5]},
			"faces": {
				"north": {"uv": [10.5, 0.25, 10.8125, 0.3125], "texture": "#1"},
				"east": {"uv": [10.125, 10.5, 10.25, 10.5625], "texture": "#1"},
				"south": {"uv": [10.5, 3.25, 10.8125, 3.3125], "texture": "#1"},
				"west": {"uv": [10.5, 10.125, 10.625, 10.1875], "texture": "#1"},
				"up": {"uv": [10.5625, 3.625, 10.25, 3.5], "texture": "#1"},
				"down": {"uv": [10.5625, 3.625, 10.25, 3.75], "texture": "#1"}
			}
		},
		{
			"from": [7.75, 10.69913, -2.49808],
			"to": [8.25, 12.69913, -1.99808],
			"rotation": {"angle": 0, "axis": "x", "origin": [8, 11.69913, -3.24808]},
			"faces": {
				"north": {"uv": [10.5, 5.5, 10.5625, 5.75], "texture": "#1"},
				"east": {"uv": [5.75, 10.5, 5.8125, 10.75], "texture": "#1"},
				"south": {"uv": [6.75, 10.5, 6.8125, 10.75], "texture": "#1"},
				"west": {"uv": [10.5, 7.375, 10.5625, 7.625], "texture": "#1"},
				"up": {"uv": [10.6875, 1.6875, 10.625, 1.625], "texture": "#1"}
			}
		},
		{
			"from": [7.75, 5.69913, 1.50192],
			"to": [8.25, 10.69913, 2.00192],
			"rotation": {"angle": 22.5, "axis": "x", "origin": [8, 11.69913, 1.75192]},
			"faces": {
				"north": {"uv": [2.375, 10.5, 2.4375, 11.125], "texture": "#1"},
				"east": {"uv": [3.125, 10.5, 3.1875, 11.125], "texture": "#1"},
				"south": {"uv": [3.25, 10.5, 3.3125, 11.125], "texture": "#1"},
				"west": {"uv": [4, 10.5, 4.0625, 11.125], "texture": "#1"},
				"up": {"uv": [1.8125, 10.6875, 1.75, 10.625], "texture": "#1"}
			}
		}
	],
	"gui_light": "front",
	"display": {
		"thirdperson_righthand": {
			"rotation": [0, 86, 0],
			"translation": [0.5, 0.75, 0],
			"scale": [0.2, 0.2, 0.2]
		},
		"thirdperson_lefthand": {
			"rotation": [0, -99, 0],
			"translation": [-2, 0, -2.25],
			"scale": [0.44, 0.44, 0.44]
		},
		"firstperson_righthand": {
			"rotation": [0, 106, 0],
			"translation": [-2, 2.25, 0],
			"scale": [0.2, 0.2, 0.2]
		},
		"ground": {
			"translation": [0, 1.75, 0],
			"scale": [0.2, 0.2, 0.2]
		},
		"gui": {
			"rotation": [30, 145, 0],
			"translation": [3, 0.75, 0],
			"scale": [0.4, 0.4, 0.4]
		},
		"head": {
			"rotation": [50, 0, 0],
			"translation": [0.75, -35, 12.5],
			"scale": [4, 4, 4]
		},
		"fixed": {
			"rotation": [-79, 0, 0],
			"translation": [0, 0, -36.5],
			"scale": [4, 4, 4]
		}
	}
}