{
	"credit": "Made with Blockbench",
	"texture_size": [32, 32],
	"textures": {
		"1": "./m1911",
		"particle": "./m1911"
	},
	"elements": [
		{
			"from": [7.25, 10.5, 4],
			"to": [8.75, 12, 14.5],
			"rotation": {"angle": 0, "axis": "y", "origin": [-9.25, 0, 0]},
			"faces": {
				"north": {"uv": [6, 3.5, 6.75, 4.25], "texture": "#1"},
				"east": {"uv": [0, 0, 5.25, 0.75], "texture": "#1"},
				"south": {"uv": [6.5, 2, 7.25, 2.75], "texture": "#1"},
				"west": {"uv": [0, 1, 5.25, 1.75], "texture": "#1"},
				"up": {"uv": [0.75, 7.25, 0, 2], "texture": "#1"},
				"down": {"uv": [1.75, 2, 1, 7.25], "texture": "#1"}
			}
		},
		{
			"from": [7.375, 10, 4],
			"to": [8.625, 10.5, 14.5],
			"rotation": {"angle": 0, "axis": "y", "origin": [-5.375, 0, 0]},
			"faces": {
				"north": {"uv": [7.5, 2, 8.25, 2.25], "texture": "#1"},
				"east": {"uv": [3, 4.5, 8.25, 4.75], "texture": "#1"},
				"south": {"uv": [7.5, 2.5, 8.25, 2.75], "texture": "#1"},
				"west": {"uv": [3, 5, 8.25, 5.25], "texture": "#1"},
				"down": {"uv": [2.75, 2, 2, 7.25], "texture": "#1"}
			}
		},
		{
			"from": [7.625, 9.5, 15],
			"to": [8.375, 10, 15.5],
			"rotation": {"angle": 0, "axis": "y", "origin": [-5.625, 0, 0]},
			"faces": {
				"east": {"uv": [8, 5.5, 8.25, 5.75], "texture": "#1"},
				"south": {"uv": [6, 7.5, 6.5, 7.75], "texture": "#1"},
				"west": {"uv": [6, 8, 6.25, 8.25], "texture": "#1"},
				"up": {"uv": [7, 7.75, 6.5, 7.5], "texture": "#1"},
				"down": {"uv": [8, 6.5, 7.5, 6.75], "texture": "#1"}
			}
		},
		{
			"from": [7.5, 8.5, 11.5],
			"to": [8.5, 10, 12],
			"rotation": {"angle": 0, "axis": "y", "origin": [-1, 0, 0]},
			"faces": {
				"north": {"uv": [7, 0, 7.5, 0.75], "texture": "#1"},
				"east": {"uv": [2.5, 7.5, 2.75, 8.25], "texture": "#1"},
				"west": {"uv": [7.5, 3, 7.75, 3.75], "texture": "#1"},
				"down": {"uv": [7.5, 7.5, 7, 7.75], "texture": "#1"}
			}
		},
		{
			"from": [7.5, 9.5, 14],
			"to": [8.5, 10.5, 15],
			"rotation": {"angle": 0, "axis": "y", "origin": [-2, 0, 0]},
			"faces": {
				"east": {"uv": [6.5, 3, 7, 3.5], "texture": "#1"},
				"south": {"uv": [5.5, 7, 6, 7.5], "texture": "#1"},
				"west": {"uv": [6, 7, 6.5, 7.5], "texture": "#1"},
				"up": {"uv": [8, 1, 7.5, 0.5], "texture": "#1"},
				"down": {"uv": [8, 1, 7.5, 1.5], "texture": "#1"}
			}
		},
		{
			"from": [7.625, 9, 13.5],
			"to": [8.375, 10, 14.5],
			"rotation": {"angle": 45, "axis": "x", "origin": [13.125, 9.25, 14.25]},
			"faces": {
				"east": {"uv": [1.5, 7.5, 2, 8], "texture": "#1"},
				"south": {"uv": [7.5, 1.5, 8, 2], "texture": "#1"},
				"west": {"uv": [2, 7.5, 2.5, 8], "texture": "#1"}
			}
		},
		{
			"from": [7.375, 8.5, 11.75],
			"to": [8.625, 10, 14],
			"rotation": {"angle": 0, "axis": "y", "origin": [8.125, 0.13372, 0]},
			"faces": {
				"north": {"uv": [6.5, 5.5, 7.25, 6.25], "texture": "#1"},
				"east": {"uv": [5.5, 0, 6.75, 0.75], "texture": "#1"},
				"south": {"uv": [6.5, 6.5, 7.25, 7.25], "texture": "#1"},
				"west": {"uv": [5.5, 1, 6.75, 1.75], "texture": "#1"}
			}
		},
		{
			"from": [7.425, 3.61628, 12.82089],
			"to": [8.575, 8.11628, 15.32089],
			"rotation": {"angle": -22.5, "axis": "x", "origin": [9.325, 5.61628, 11.32089]},
			"faces": {
				"north": {"uv": [3, 5.5, 3.5, 7.75], "texture": "#1"},
				"east": {"uv": [3, 2, 4.25, 4.25], "texture": "#1"},
				"south": {"uv": [3.5, 5.5, 4, 7.75], "texture": "#1"},
				"west": {"uv": [4.5, 2, 5.75, 4.25], "texture": "#1"},
				"up": {"uv": [5.5, 6.75, 5, 5.5], "texture": "#1"},
				"down": {"uv": [6, 5.5, 5.5, 6.75], "texture": "#1"}
			}
		},
		{
			"from": [7.5, 3.56628, 12.57089],
			"to": [8.5, 3.81628, 15.07089],
			"rotation": {"angle": -22.5, "axis": "x", "origin": [8, 5.61628, 11.32089]},
			"faces": {
				"north": {"uv": [7.5, 7, 8, 7.25], "texture": "#1"},
				"east": {"uv": [0, 7.5, 1.25, 7.75], "texture": "#1"},
				"south": {"uv": [7.5, 7.5, 8, 7.75], "texture": "#1"},
				"west": {"uv": [7.5, 0, 8.75, 0.25], "texture": "#1"},
				"up": {"uv": [6.5, 3.25, 6, 2], "texture": "#1"},
				"down": {"uv": [6.5, 5.5, 6, 6.75], "texture": "#1"}
			}
		},
		{
			"from": [7.5, 12, 12.5],
			"to": [8.5, 12.5, 13],
			"rotation": {"angle": 0, "axis": "y", "origin": [-1, 0, 0]},
			"faces": {
				"north": {"uv": [0, 8, 0.5, 8.25], "texture": "#1"},
				"east": {"uv": [8, 6, 8.25, 6.25], "texture": "#1"},
				"south": {"uv": [0.5, 8, 1, 8.25], "texture": "#1"},
				"west": {"uv": [6.5, 8, 6.75, 8.25], "texture": "#1"},
				"up": {"uv": [8.5, 0.75, 8, 0.5], "texture": "#1"}
			}
		},
		{
			"from": [7.75, 12, 4.5],
			"to": [8.25, 12.5, 5],
			"rotation": {"angle": 0, "axis": "y", "origin": [-1.25, 0, 0]},
			"faces": {
				"north": {"uv": [8, 6.5, 8.25, 6.75], "texture": "#1"},
				"east": {"uv": [7, 8, 7.25, 8.25], "texture": "#1"},
				"south": {"uv": [8, 7, 8.25, 7.25], "texture": "#1"},
				"west": {"uv": [7.5, 8, 7.75, 8.25], "texture": "#1"},
				"up": {"uv": [8.25, 7.75, 8, 7.5], "texture": "#1"}
			}
		},
		{
			"from": [7.625, 8.5, 9],
			"to": [8.375, 10, 9.5],
			"rotation": {"angle": 0, "axis": "y", "origin": [-1.125, 0, 0]},
			"faces": {
				"north": {"uv": [7, 1, 7.5, 1.75], "texture": "#1"},
				"east": {"uv": [4, 7.5, 4.25, 8.25], "texture": "#1"},
				"south": {"uv": [7, 3, 7.5, 3.75], "texture": "#1"},
				"west": {"uv": [4.5, 7.5, 4.75, 8.25], "texture": "#1"},
				"down": {"uv": [1.5, 8, 1, 8.25], "texture": "#1"}
			}
		},
		{
			"from": [7.75, 10.75995, 14.41326],
			"to": [8.25, 11.25995, 15.41326],
			"rotation": {"angle": -22.5, "axis": "x", "origin": [7, 11.35995, 14.16326]},
			"faces": {
				"east": {"uv": [8, 1, 8.5, 1.25], "texture": "#1"},
				"south": {"uv": [8, 8, 8.25, 8.25], "texture": "#1"},
				"west": {"uv": [1.5, 8, 2, 8.25], "texture": "#1"},
				"up": {"uv": [8.25, 2, 8, 1.5], "texture": "#1"},
				"down": {"uv": [2.25, 8, 2, 8.5], "texture": "#1"}
			}
		},
		{
			"from": [7.75, 8.5, 11],
			"to": [8.25, 10, 11.5],
			"rotation": {"angle": 0, "axis": "y", "origin": [-1.25, 0, 0]},
			"faces": {
				"north": {"uv": [5, 7.5, 5.25, 8.25], "texture": "#1"},
				"east": {"uv": [5.5, 7.5, 5.75, 8.25], "texture": "#1"},
				"west": {"uv": [7.5, 5.5, 7.75, 6.25], "texture": "#1"}
			}
		},
		{
			"from": [7.625, 8, 9.5],
			"to": [8.375, 8.5, 12.5],
			"rotation": {"angle": 0, "axis": "y", "origin": [-1.125, 0, 0]},
			"faces": {
				"north": {"uv": [3, 8, 3.5, 8.25], "texture": "#1"},
				"east": {"uv": [4, 7, 5.5, 7.25], "texture": "#1"},
				"west": {"uv": [7, 4, 8.5, 4.25], "texture": "#1"},
				"up": {"uv": [4.5, 7, 4, 5.5], "texture": "#1"},
				"down": {"uv": [5, 5.5, 4.5, 7], "texture": "#1"}
			}
		},
		{
			"from": [7.75, 10.5, 14.25],
			"to": [8.25, 11.5, 14.75],
			"rotation": {"angle": 0, "axis": "y", "origin": [1.25, 0, 0]},
			"faces": {
				"east": {"uv": [8, 3, 8.25, 3.5], "texture": "#1"},
				"south": {"uv": [3.5, 8, 3.75, 8.5], "texture": "#1"},
				"west": {"uv": [8, 3.5, 8.25, 4], "texture": "#1"},
				"up": {"uv": [0.25, 8.75, 0, 8.5], "texture": "#1"}
			}
		}
	],
	"gui_light": "front",
	"display": {
		"thirdperson_righthand": {
			"translation": [0, -1.4, -4.5],
			"scale": [0.8, 0.8, 0.8]
		},
		"firstperson_righthand": {
			"rotation": [33, -8, 5],
			"translation": [1, 5, -4.75]
		},
		"ground": {
			"translation": [0, 2.25, 0],
			"scale": [0.5, 0.5, 0.5]
		},
		"gui": {
			"rotation": [90, -53, 90],
			"translation": [3.25, 0.75, 0],
			"scale": [1, 1.3, 1.3]
		},
		"fixed": {
			"rotation": [0, 90, 0],
			"translation": [-2.75, -0.75, -1.25],
			"scale": [1.3, 1.3, 1.3]
		}
	}
}