{
	"credit": "Made with Blockbench",
	"textures": {
		"0": "fluffcord:item/noelle_antlers",
		"particle": "fluffcord:item/noelle_antlers"
	},
	"elements": [
		{
			"name": "left main",
			"from": [5, 8, 8],
			"to": [6, 13, 9],
			"rotation": {"angle": 22.5, "axis": "z", "origin": [6, 8, 8.5]},
			"faces": {
				"north": {"uv": [10, 3, 11, 8], "texture": "#0"},
				"east": {"uv": [10, 3, 11, 8], "texture": "#0"},
				"south": {"uv": [10, 3, 11, 8], "texture": "#0"},
				"west": {"uv": [10, 3, 11, 8], "texture": "#0"},
				"up": {"uv": [10, 3, 11, 4], "texture": "#0"},
				"down": {"uv": [10, 7, 11, 8], "texture": "#0"}
			}
		},
		{
			"name": "left cross",
			"from": [4, 11, 8],
			"to": [7, 12, 9],
			"rotation": {"angle": 22.5, "axis": "z", "origin": [6, 8, 8.5]},
			"faces": {
				"north": {"uv": [12, 4, 9, 5], "texture": "#0"},
				"east": {"uv": [9, 4, 10, 5], "texture": "#0"},
				"south": {"uv": [9, 4, 12, 5], "texture": "#0"},
				"west": {"uv": [11, 4, 12, 5], "texture": "#0"},
				"up": {"uv": [9, 4, 12, 5], "texture": "#0"},
				"down": {"uv": [9, 4, 12, 5], "texture": "#0"}
			}
		},
		{
			"name": "right main",
			"from": [10, 8, 8],
			"to": [11, 13, 9],
			"rotation": {"angle": -22.5, "axis": "z", "origin": [10, 8, 8.5]},
			"faces": {
				"north": {"uv": [6, 3, 5, 8], "texture": "#0"},
				"east": {"uv": [6, 3, 5, 8], "texture": "#0"},
				"south": {"uv": [6, 3, 5, 8], "texture": "#0"},
				"west": {"uv": [6, 3, 5, 8], "texture": "#0"},
				"up": {"uv": [6, 3, 5, 4], "texture": "#0"},
				"down": {"uv": [6, 7, 5, 8], "texture": "#0"}
			}
		},
		{
			"name": "right cross",
			"from": [9, 11, 8],
			"to": [12, 12, 9],
			"rotation": {"angle": -22.5, "axis": "z", "origin": [10, 8, 8.5]},
			"faces": {
				"north": {"uv": [4, 4, 7, 5], "texture": "#0"},
				"east": {"uv": [5, 4, 4, 5], "texture": "#0"},
				"south": {"uv": [7, 4, 4, 5], "texture": "#0"},
				"west": {"uv": [7, 4, 6, 5], "texture": "#0"},
				"up": {"uv": [7, 4, 4, 5], "texture": "#0"},
				"down": {"uv": [7, 4, 4, 5], "texture": "#0"}
			}
		}
	],
	"display": {
		"thirdperson_righthand": {
			"translation": [0, -1, -1],
			"scale": [0.55, 0.55, 0.55]
		},
		"thirdperson_lefthand": {
			"translation": [0, -1, -1],
			"scale": [0.55, 0.55, 0.55]
		},
		"firstperson_righthand": {
			"rotation": [0, 0, 25],
			"translation": [0.63, 3.2, 1.13],
			"scale": [0.68, 0.68, 0.68]
		},
		"firstperson_lefthand": {
			"rotation": [0, 0, 25],
			"translation": [0.63, 3.2, 1.13],
			"scale": [0.68, 0.68, 0.68]
		},
		"ground": {
			"rotation": [22.5, 0, 0],
			"translation": [0, -2, 0]
		},
		"gui": {
			"rotation": [30, 225, 0],
			"translation": [0.5, -3, 0],
			"scale": [1.5, 1.5, 1.5]
		},
		"head": {
			"rotation": [22.5, 0, 0],
			"translation": [0, 6.4, 0],
			"scale": [1.6, 1.6, 1.6]
		},
		"fixed": {
			"translation": [0, -3, 0],
			"scale": [1.5, 1.5, 1.5]
		}
	}
}