{
	"credit": "Made with Blockbench",
	"textures": {
		"1": "block/barricate/red_button",
		"particle": "block/barricate/red_button"
	},
	"elements": [
		{
			"from": [5, 0, 5],
			"to": [11, 1, 11],
			"rotation": {"angle": 0, "axis": "y", "origin": [8, 0.5, 8]},
			"faces": {
				"north": {"uv": [5, 1, 11, 2], "rotation": 180, "texture": "#1"},
				"east": {"uv": [14, 5, 15, 11], "rotation": 90, "texture": "#1"},
				"south": {"uv": [5, 14, 11, 15], "texture": "#1"},
				"west": {"uv": [1, 5, 2, 11], "rotation": 270, "texture": "#1"},
				"up": {"uv": [5, 11, 11, 5], "rotation": 180, "texture": "#1"},
				"down": {"uv": [11, 5, 5, 11], "texture": "#1", "cullface": "down"}
			}
		}
	]
}