{
	"credit": "Made with Blockbench",
	"textures": {
		"0": "block/barricate/red_button",
		"particle": "block/barricate/red_button"
	},
	"elements": [
		{
			"from": [5, 0, 5],
			"to": [11, 2, 11],
			"faces": {
				"north": {"uv": [5, 0, 11, 2], "rotation": 180, "texture": "#0"},
				"east": {"uv": [14, 5, 16, 11], "rotation": 90, "texture": "#0"},
				"south": {"uv": [5, 14, 11, 16], "texture": "#0"},
				"west": {"uv": [0, 5, 2, 11], "rotation": 270, "texture": "#0"},
				"up": {"uv": [5, 11, 11, 5], "rotation": 180, "texture": "#0"},
				"down": {"uv": [5, 5, 11, 11], "texture": "#0", "cullface": "down"}
			}
		}
	]
}