{
	"credit": "Made with Blockbench",
	"textures": {
		"1": "block/barricate/medic_crate_top",
		"2": "block/barricate/crate",
		"particle": "block/barricate/medic_crate_side"
	},
	"elements": [
		{
			"name": "side",
			"from": [0, 0, 0],
			"to": [14, 16, 2],
			"faces": {
				"north": {"uv": [2, 0, 16, 16], "texture": "#particle"},
				"south": {"uv": [0, 0, 14, 16], "texture": "#2"},
				"west": {"uv": [0, 0, 2, 16], "texture": "#particle"},
				"up": {"uv": [0, 0, 14, 2], "texture": "#1"},
				"down": {"uv": [0, 0, 14, 2], "texture": "#2"}
			}
		},
		{
			"name": "side",
			"from": [0, 0, 2],
			"to": [2, 16, 16],
			"faces": {
				"north": {"uv": [0, 0, 14, 16], "texture": "#2"},
				"east": {"uv": [0, 0, 14, 16], "texture": "#2"},
				"south": {"uv": [0, 0, 2, 16], "texture": "#particle"},
				"west": {"uv": [2, 0, 16, 16], "texture": "#particle"},
				"up": {"uv": [0, 2, 2, 16], "texture": "#1"},
				"down": {"uv": [0, 0, 2, 14], "texture": "#2"}
			}
		},
		{
			"name": "side",
			"from": [2, 0, 14],
			"to": [16, 16, 16],
			"faces": {
				"north": {"uv": [0, 0, 14, 16], "texture": "#2"},
				"east": {"uv": [0, 0, 2, 16], "texture": "#particle"},
				"south": {"uv": [2, 0, 16, 16], "texture": "#particle"},
				"west": {"uv": [0, 0, 14, 16], "texture": "#2"},
				"up": {"uv": [2, 14, 16, 16], "texture": "#1"},
				"down": {"uv": [0, 0, 14, 2], "texture": "#2"}
			}
		},
		{
			"name": "side",
			"from": [14, 0, 0],
			"to": [16, 16, 14],
			"faces": {
				"north": {"uv": [0, 0, 2, 16], "texture": "#particle"},
				"east": {"uv": [2, 0, 16, 16], "texture": "#particle"},
				"west": {"uv": [0, 0, 14, 16], "texture": "#2"},
				"up": {"uv": [14, 0, 16, 14], "texture": "#1"},
				"down": {"uv": [0, 0, 2, 14], "texture": "#2"}
			}
		},
		{
			"name": "tools",
			"from": [2, 0, 2],
			"to": [14, 14, 14],
			"faces": {
				"up": {"uv": [2, 2, 14, 14], "texture": "#1"},
				"down": {"uv": [2, 2, 14, 14], "texture": "#2"}
			}
		}
	],
	"display": {
		"thirdperson_righthand": {
			"rotation": [75, 45, 0],
			"translation": [0, 2.5, 0],
			"scale": [0.375, 0.375, 0.375]
		},
		"thirdperson_lefthand": {
			"rotation": [75, 45, 0],
			"translation": [0, 2.5, 0],
			"scale": [0.375, 0.375, 0.375]
		},
		"firstperson_righthand": {
			"rotation": [0, 45, 0],
			"scale": [0.4, 0.4, 0.4]
		},
		"firstperson_lefthand": {
			"rotation": [0, 225, 0],
			"scale": [0.4, 0.4, 0.4]
		},
		"ground": {
			"translation": [0, 3, 0],
			"scale": [0.25, 0.25, 0.25]
		},
		"gui": {
			"rotation": [30, 225, 0],
			"scale": [0.625, 0.625, 0.625]
		},
		"fixed": {
			"scale": [0.5, 0.5, 0.5]
		}
	}
}